"x","y","t","cluster","cluster1","cluster2"
-4.20596510153264,-8.99254289986566,1.9797813934274,0,0,0
5.70844168178737,-1.14443853073753,-3.31009390172549,0,0,0
-1.80225694812834,5.91871194373816,-0.225461933389306,0,0,0
7.58374459929764,-7.48639465249144,8.99858178449795,0,0,0
8.72125222901814,1.20677007841878,-0.338532536057755,0,0,0
-8.99798131207936,-5.81067848559469,7.7289343980141,0,0,0
0.556488663330674,-7.37487332518213,8.20587610085495,0,0,0
7.76989707900211,5.01549571319483,2.15295264995657,0,0,0
1.01841328642331,7.82189811123535,-1.76834242469631,0,0,0
-0.859028240991757,-2.48563703745604,-6.98752511939965,0,0,0
9.04530023792759,3.2692808536347,8.61893610474654,0,0,0
-0.923983707418666,-8.02215491370298,-3.93566778050736,0,0,0
3.51589858196676,-2.29740117159672,-8.69773268331774,0,0,0
1.4381413587369,-4.46720383744687,8.86499341274612,0,0,0
-7.8620912832208,6.22987276981585,4.3678062139079,0,0,0
7.91653441395611,-1.01937644043937,-7.08257294716313,0,0,0
-5.02746285977773,6.13927419036627,0.975836190115661,0,0,0
-9.06722123608924,6.18531228848733,8.99100652341731,0,0,0
-3.40716975820251,5.82797795799561,1.692570391763,0,0,0
8.9991722531151,-1.19133258545771,-1.8906964214053,0,0,0
7.71287845806219,5.03860814105719,2.92829089066945,0,0,0
3.81750744190067,2.55857840487733,-3.56755178156309,0,0,0
2.78203491261229,4.16161154676229,-3.80714378482662,0,0,0
9.78654157714918,-9.88762948815711,-5.54860090096481,0,0,0
3.08297482249327,-0.488731832848861,-2.58412045645528,0,0,0
4.1289032697212,-5.54164607380517,9.58754022871144,0,0,0
0.87250728928484,-2.37963255308568,-6.84679444371723,0,0,0
1.86401200485416,2.23286586483009,-8.0973288022913,0,0,0
-4.17463720156811,-2.93440139698796,-7.09024322591722,0,0,0
-6.98714978322387,-7.69951859791763,3.76214060992934,0,0,0
9.16787980422377,-5.07633444014937,2.36127837114036,0,0,0
7.9655210933648,3.32750063147396,7.74960351954214,0,0,0
3.77596451276913,-1.63059376236051,3.42538203368895,0,0,0
5.85025487020612,5.70627751378342,4.69413921092637,0,0,0
-9.4126490467228,-7.86328004370444,0.418487370433287,0,0,0
-0.439639772381634,-1.2891237183474,3.16480130357668,0,0,0
5.11749884295277,9.60214820369147,6.3717481108848,0,0,0
-5.61512287049554,7.78241206509992,5.66837472366169,0,0,0
-3.60001604883,7.65208740360104,9.50047396388836,0,0,0
-5.31380945001729,-6.43395752459764,-1.19925558236428,0,0,0
-7.07255955683067,-7.31222530701198,-3.72829639893025,0,0,0
-1.69198255087249,3.03141811578535,-1.79239593828097,0,0,0
-1.70825833934359,-3.0983738492243,-9.69275118573569,0,0,0
-2.59686007169075,3.10381093374454,-6.25977942463942,0,0,0
-6.88159399470314,-3.55660979873501,6.78604051396251,0,0,0
-7.1516399437096,-6.18371583851986,-5.32299671536312,0,0,0
-5.28592483084649,5.58942716605961,-5.1658208780922,0,0,0
-0.673943484993652,-8.04681926309131,-8.38151492639445,0,0,0
-4.63374172076583,-0.657774976920336,-5.03467117496766,0,0,0
7.08498876378872,0.227808106038719,4.59627706948668,0,0,0
-1.30509366979823,-3.05108121037483,-1.5822892235592,0,0,0
-2.00494546582922,-1.25403859559447,-1.34656901936978,1,1,0
-2.22418194031343,-3.09672630671412,-1.21620746096596,1,1,0
-2.50710201170295,-2.72602164745331,-1.92117853462696,1,1,0
-2.77780707739294,-3.30406473297626,-1.88937281630933,1,1,0
-2.22001112950966,-0.794281665235758,-2.44712023250759,1,1,0
-1.85612937202677,-3.4148717680946,-1.68160414835438,1,1,0
-2.56621447438374,-0.709130433388054,-2.51312951510772,1,1,0
-2.11046399595216,-2.67600868549198,-2.42346759047359,1,1,0
-2.56401866255328,-2.50332244858146,-1.56843808293343,1,1,0
-1.9954008734785,-1.48101830482483,-1.54493273375556,1,1,0
-2.29219085630029,-3.61346502788365,-2.6539139226079,1,1,0
-1.70002968236804,-3.91202513873577,-2.38737748237327,1,1,0
-2.25057208677754,-0.027820878662169,-2.26018544659019,1,1,0
-2.28910923842341,-1.6642446173355,-2.84455689135939,1,1,0
-1.93262410908937,-0.872707739472389,-1.57369962241501,1,1,0
-1.51933127921075,-0.432415509596467,-1.89815454185009,1,1,0
-2.55779412435368,-0.980538185685873,-2.72826920729131,1,1,0
-2.1745077627711,-0.0831850795075297,-1.05167261185125,1,1,0
-2.46862662630156,-3.82341172825545,-1.87607368221506,1,1,0
-1.74005389306694,-0.386396461166441,-1.42318123672158,1,1,0
-2.63234301842749,-0.537996743805707,-1.30217183148488,1,1,0
-1.27271177712828,-0.898369634523988,-1.24391645053402,1,1,0
-1.50686399172992,-2.49273433256894,-1.39904725225642,1,1,0
-1.66343070054427,-3.83156780526042,-1.71970302704722,1,1,0
-1.76396425347775,-2.54235567338765,-1.74214447848499,1,1,0
-2.25552387954667,-2.90499492082745,-2.4571819906123,1,1,0
-1.94032862829044,-0.598130077123642,-2.9401203491725,1,1,0
-1.25063531426713,-2.55039315018803,-2.16027157008648,1,1,0
-1.83649980043992,-2.78208883758634,-2.2891306579113,1,1,0
-1.32046447042376,-0.963458642363548,-2.21533749205992,1,1,0
-2.37510367017239,-0.620661502704024,-2.65612633526325,1,1,0
-1.58341935556382,-2.1683137556538,-2.36071576131508,1,1,0
-2.46996438782662,-1.081473342143,-2.17288987152278,1,1,0
-1.81131361192092,-3.58368545584381,-1.48132860660553,1,1,0
-2.03742039902136,-3.1200672890991,-2.45621958980337,1,1,0
-2.46993453707546,-0.184195009060204,-2.76883508590981,1,1,0
-1.87081913044676,-0.991849835030735,-2.94132677000016,1,1,0
-1.17362355394289,-0.724178466945887,-1.38628940423951,1,1,0
-1.19625122100115,-2.32889159303159,-2.03974712686613,1,1,0
-2.45166675699875,-1.62464602757245,-1.38750411942601,1,1,0
-2.35703448718414,-0.804705768823624,-2.84198863664642,1,1,0
-1.02871823124588,-0.446365398354828,-2.76932518091053,1,1,0
-1.76001337962225,-2.45923362672329,-2.74116742098704,1,1,0
-1.12537182169035,-3.63871166296303,-1.52250291593373,1,1,0
-2.06693459535018,-1.4970254516229,-1.48580293310806,1,1,0
-2.18633481347933,-1.01745513081551,-1.01508938288316,1,1,0
-1.68153935158625,-3.65848617069423,-1.75089402543381,1,1,0
-2.69530676631257,-2.79792955517769,-2.42261978285387,1,1,0
-1.85426588356495,-1.54175137076527,-2.60017645126209,1,1,0
-2.52254794631153,-0.988271768204868,-1.39816430257633,1,1,0
-1.07528212713078,-0.331771467812359,-1.54447457939386,1,1,0
-1.79726854804903,-2.09699797723442,-2.56590405059978,1,1,0
-1.96994054550305,-1.73152213543653,-1.51152298925444,1,1,0
-2.19485331559554,-1.05351861566305,-1.26669258344918,1,1,0
-1.23950691753998,-0.570210302248597,-1.94118848722428,1,1,0
-2.27181627042592,-0.363413982093334,-1.80272290622815,1,1,0
-2.42352143861353,-3.77447109855711,-1.12473533535376,1,1,0
-2.6587095297873,-1.98836678359658,-1.09855180326849,1,1,0
-2.65565650723875,-2.59782090783119,-1.67893539741635,1,1,0
-2.03591478895396,-0.617775508202612,-2.85542683815584,1,1,0
-2.49407014297321,-0.774259344674647,-1.34733684267849,1,1,0
-2.5674904207699,-3.5306750908494,-2.04091184400022,1,1,0
-1.65124722383916,-1.14925378002226,-2.21754243317991,1,1,0
-2.90467274514958,-3.0589245678857,-2.40175444865599,1,1,0
-1.59829382505268,-3.70017299521714,-2.51138350088149,1,1,0
-2.29622272308916,-0.257415411062539,-2.15637973649427,1,1,0
-2.18211200414225,-3.37132869940251,-1.12445964617655,1,1,0
-1.3580973520875,-1.41177059989423,-2.47102976683527,1,1,0
-1.16228530369699,-3.30592901539057,-1.8628624919802,1,1,0
-2.43494333978742,-3.91970396321267,-2.59563086461276,1,1,0
-1.07779041258618,-1.91474461462349,-2.61438874620944,1,1,0
-1.54321114346385,-3.65488842688501,-1.5627765096724,1,1,0
-1.62724983599037,-2.86799061577767,-2.37296420894563,1,1,0
-2.89431211445481,-2.31826039589942,-2.72321974532679,1,1,0
-2.20955973071977,-1.65088750328869,-2.88393860450014,1,1,0
-2.04430924030021,-0.773222281597555,-1.13780071772635,1,1,0
-1.87949347263202,-3.19201916456223,-1.86332397582009,1,1,0
-1.60347681026906,-2.16230131313205,-2.76445927890018,1,1,0
-1.16863292315975,-2.20742754451931,-1.87041103700176,1,1,0
-1.76329754525796,-1.06500896718353,-1.91948763420805,1,1,0
-2.14315698249266,-1.14098075777292,-1.36063496302813,1,1,0
-1.91583926556632,-0.67511208448559,-1.5940409922041,1,1,0
-2.88304302282631,-0.453735516406596,-1.86450325278565,1,1,0
-2.47828628588468,-0.189421704038978,-1.55738146742806,1,1,0
-2.20569609338418,-1.79753311257809,-1.49511157302186,1,1,0
-2.60451052663848,-1.91065693553537,-2.23715480649844,1,1,0
-1.33614487433806,-3.31720697879791,-2.42397943744436,1,1,0
-2.69422555435449,-2.08291376009583,-1.936633345671,1,1,0
-1.39316291594878,-2.98471681401134,-2.48070785729215,1,1,0
-1.90634768689051,-3.84087745193392,-1.33641936443746,1,1,0
-1.6753647159785,-1.46079796086997,-2.18927223049104,1,1,0
-2.65660301223397,-1.84175634384155,-2.8547361488454,1,1,0
-1.73388928035274,-3.43958580028266,-1.0924827507697,1,1,0
-2.37626050645486,-2.86515289265662,-2.56563243409619,1,1,0
-1.55089130718261,-1.66787761915475,-2.18874946655706,1,1,0
-2.20212035067379,-3.33989643119276,-1.74866336910054,1,1,0
-1.06128717772663,-3.61479555722326,-1.74319039238617,1,1,0
-1.06520325876772,-2.28554763458669,-2.34352267161012,1,1,0
-1.54659492196515,-2.5769537370652,-2.72218101611361,1,1,0
-2.48556650709361,-0.620265840552747,-1.1706856591627,1,1,0
-2.55642413068563,-2.95947010535747,-1.80176806543022,1,1,0
-1.81390869664028,-3.90742203127593,-1.50078580807894,1,1,0
-2.46495713572949,-0.550401841290295,-1.16209050966427,1,1,0
-1.93785920226946,-2.66164815519005,-1.94246920803562,1,1,0
-1.42941665742546,-1.47284451313317,-2.25604250794277,1,1,0
-2.66387837892398,-1.81429496500641,-2.86838335776702,1,1,0
-2.1912016379647,-2.49422202724963,-1.29126015258953,1,1,0
-2.05684744473547,-3.25650793965906,-1.97917739721015,1,1,0
-1.26378638623282,-2.28423763532192,-2.58000388275832,1,1,0
-1.1485840883106,-1.47690560575575,-2.24831312661991,1,1,0
-1.23604488139972,-1.91663059499115,-2.58526900038123,1,1,0
-1.65162631496787,-1.36151465121657,-2.08151836553589,1,1,0
-1.09966604132205,-1.08255627471954,-2.51699549984187,1,1,0
-1.96711021149531,-2.05270850658417,-2.7626193552278,1,1,0
-1.84696195740253,-2.46217353735119,-2.8550617005676,1,1,0
-2.32733758818358,-3.97266596462578,-1.61802030028775,1,1,0
-2.30535073718056,-3.98526308964938,-2.42608476150781,1,1,0
-2.95995139889419,-0.0202542394399643,-2.70117500890046,1,1,0
-1.99437390873209,-3.56845247931778,-1.05513598164544,1,1,0
-1.25791317271069,-2.32532336656004,-2.1789712193422,1,1,0
-2.98739843210205,-1.12846181355417,-2.19637229153886,1,1,0
-2.85588575201109,-1.02984347101301,-1.70288730273023,1,1,0
-2.67157755000517,-0.512004705145955,-1.16738852066919,1,1,0
-1.45933185145259,-1.56852815579623,-2.56667572213337,1,1,0
-1.52963138837367,-0.975186594761908,-1.90400225622579,1,1,0
-1.05624872865155,-0.611034807749093,-1.55989908427,1,1,0
-2.06705524632707,-1.54888140410185,-2.20550798950717,1,1,0
-2.85123097337782,-0.827103328891098,-2.81199721479788,1,1,0
-1.70236375136301,-3.90858126617968,-1.73020718991756,1,1,0
-1.48281366098672,-2.33234180137515,-2.99504237947986,1,1,0
-2.72578783798963,-0.500470450147986,-2.57895352039486,1,1,0
-2.20683081075549,-1.41061193775386,-1.64195438101888,1,1,0
-2.55002934159711,-0.302084052935243,-1.26762173930183,1,1,0
-2.88408287893981,-3.31109961587936,-1.40060576889664,1,1,0
-2.2082146233879,-2.73674884345382,-2.73000720329583,1,1,0
-2.87014340003952,-0.782974882982671,-2.22500348463655,1,1,0
-2.5482271341607,-0.0441463552415371,-1.42305614193901,1,1,0
-2.89074178179726,-2.71045779250562,-1.61417266679928,1,1,0
-1.65943592088297,-3.99523348640651,-1.81145405722782,1,1,0
-2.40451643476263,-0.0313175227493048,-2.75228469725698,1,1,0
-2.79855683539063,-3.40659043285996,-1.88984379451722,1,1,0
-2.85619180556387,-3.80254281125963,-2.10117722442374,1,1,0
-1.2391188624315,-1.61058606952429,-1.46766694262624,1,1,0
-1.49150519585237,-2.71468622609973,-2.94780455669388,1,1,0
-1.36678822478279,-1.88828399870545,-2.60965713625774,1,1,0
-1.03571925265715,-0.818311918526888,-1.23753087036312,1,1,0
-2.79280071007088,-3.7242696126923,-2.78039681306109,1,1,0
-2.80191634129733,-1.21991721075028,-1.06289814412594,1,1,0
-1.40233677765355,-0.205473970621824,-2.22960281418636,1,1,0
-1.43084946693853,-2.88892273046076,-1.28281718539074,1,1,0
-2.98114018980414,-3.00237365905195,-1.22523049078882,1,1,0
-1.44186823442578,-3.36225807946175,-2.02181700291112,1,1,0
-1.5412186961621,-3.71347977593541,-1.56381638208404,1,1,0
-1.73973629437387,-1.77024966757745,-2.02658885484561,1,1,0
-2.03817834006622,-2.04065179359168,-1.02258227812126,1,1,0
-2.68672629725188,-2.02283055242151,-2.87049774080515,1,1,0
-2.98356896033511,-0.446513659320772,-2.68467444414273,1,1,0
-2.09508321154863,-3.85318256076425,-1.42930276319385,1,1,0
-2.01541334250942,-3.18502474576235,-1.91562342038378,1,1,0
-2.22082577692345,-1.94487544335425,-2.16690530953929,1,1,0
-2.07066811621189,-3.05464044399559,-1.00223470199853,1,1,0
-1.57344199856743,-1.69825732056051,-2.48865376599133,1,1,0
-2.88939614733681,-2.07096835412085,-1.98424865771085,1,1,0
-2.29043380497023,-1.72258924506605,-2.84205764485523,1,1,0
-1.39437545416877,-3.42339073959738,-1.37266327114776,1,1,0
-1.32858232595026,-3.41716494970024,-2.23564167972654,1,1,0
-2.52450119005516,-2.35086754802614,-1.39563458412886,1,1,0
-2.292027794756,-1.2679588701576,-2.60415272647515,1,1,0
-1.28622915968299,-1.38628871832043,-1.10720045957714,1,1,0
-1.29247325239703,-0.336054667830467,-2.30865505151451,1,1,0
-2.40820908918977,-0.747547470033169,-1.95589950541034,1,1,0
-2.70590335084125,-1.29643999505788,-2.7766239871271,1,1,0
-1.59201587736607,-0.770003562793136,-1.22805029759184,1,1,0
-2.79238662356511,-3.48774232156575,-1.09149005357176,1,1,0
-2.93254445400089,-2.9968858640641,-2.91923847375438,1,1,0
-1.00119094410911,-2.67381203360856,-2.012767622713,1,1,0
-2.93025039182976,-2.37092284020036,-2.54787259036675,1,1,0
-2.32321743248031,-1.4585296921432,-1.28239932144061,1,1,0
-1.16987247671932,-0.765551820397377,-1.93812853237614,1,1,0
-1.76552946073934,-2.96479519456625,-2.99072369839996,1,1,0
-2.42742930259556,-0.722131440415978,-2.44487983966246,1,1,0
-1.52440519398078,-3.93808932416141,-2.34959371387959,1,1,0
-1.33189138164744,-1.38239693362266,-1.82258744677529,1,1,0
-2.37145843915641,-0.753121662884951,-2.50063059851527,1,1,0
-2.01486690435559,-2.15452429279685,-2.91376543836668,1,1,0
-1.60525246756151,-3.18633159343153,-2.77864242484793,1,1,0
-1.71707529202104,-3.92492713127285,-1.59249237598851,1,1,0
-1.71215417003259,-2.86746921110898,-1.12195752235129,1,1,0
-1.04429319035262,-0.338909497484565,-2.37766196392477,1,1,0
-2.17052933108062,-0.265213917940855,-2.84301413968205,1,1,0
-2.76119044004008,-1.82987354509532,-2.35651181731373,1,1,0
-1.94794067973271,-3.1223098160699,-1.75018892623484,1,1,0
-2.54985329834744,-2.04228878393769,-2.11951630096883,1,1,0
-2.02717647189274,-0.795405055396259,-1.39730939874426,1,1,0
-2.25957040302455,-2.36947736889124,-2.44143238989636,1,1,0
-1.03329963842407,-3.58515373244882,-1.85857361322269,1,1,0
-2.22336176969111,-2.87773930095136,-2.91574397590011,1,1,0
-2.54151031933725,-2.55413511767983,-2.61856508906931,1,1,0
-1.75340490741655,-2.96302063576877,-1.54582705860958,1,1,0
-2.72691960586235,-2.11727266572416,-1.34661989938468,1,1,0
-1.06506101135164,-2.5366181069985,-1.97855784930289,1,1,0
-1.96985638421029,-3.51491178292781,-1.86454766849056,1,1,0
-2.67385934153572,-3.81202527787536,-2.99768836051226,1,1,0
-1.7561954096891,-2.94881478324533,-2.71244379365817,1,1,0
-1.0280916695483,-0.125435328111053,-1.26806583395228,1,1,0
-1.66245696507394,-2.04601807054132,-2.83487787889317,1,1,0
-2.16216820618138,-2.08871188107878,-2.51085863588378,1,1,0
-2.35331001365557,-1.00482847541571,-1.03691368503496,1,1,0
-1.3294893600978,-1.32943907473236,-1.84483744110912,1,1,0
-2.71236591273919,-3.80233761295676,-2.50254727108404,1,1,0
-2.61436810623854,-1.21957902237773,-1.77009209245443,1,1,0
-1.20652263471857,-2.54695373307914,-2.93648535851389,1,1,0
-2.3837608913891,-0.463465570472181,-2.70715291146189,1,1,0
-2.27339891297743,-0.898811081424356,-1.59385405201465,1,1,0
-1.43210704252124,-3.44318543467671,-2.86887858295813,1,1,0
-2.61324264016002,-2.8199629150331,-1.75638587540016,1,1,0
-2.96446837624535,-3.49566885828972,-1.12534526921809,1,1,0
-2.18678426742554,-1.64039350487292,-2.82421077042818,1,1,0
-2.03366466145962,-1.75329756457359,-1.05439298134297,1,1,0
-2.15631009964272,-1.24511551950127,-2.94797857897356,1,1,0
-2.31438239663839,-2.75491676386446,-1.54954409599304,1,1,0
-1.26703337067738,-1.57765263412148,-2.09258721675724,1,1,0
-2.08978389808908,-0.0358627242967486,-1.86763519002125,1,1,0
-1.9324702527374,-1.02718033920974,-1.25453790742904,1,1,0
-1.07231333618984,-3.69657147862017,-1.89087364077568,1,1,0
-1.45081691583619,-2.19532437436283,-1.52469558548182,1,1,0
-2.58224730286747,-3.78585226181895,-1.75374167598784,1,1,0
-2.38242633454502,-2.64177794381976,-2.3779431884177,1,1,0
-1.05731509951875,-1.06419140473008,-2.21560703078285,1,1,0
-1.83019981300458,-3.98357223812491,-2.59582508914173,1,1,0
-1.47835274925455,-0.91236207075417,-1.294439220801,1,1,0
-2.25458121113479,-2.14809915516526,-1.78633969835937,1,1,0
-1.46161217754707,-1.11663859989494,-1.48780397232622,1,1,0
-1.9246456339024,-1.33397713117301,-1.87496638251469,1,1,0
-1.17200910067186,-1.71170511748642,-2.44820197438821,1,1,0
-2.62940711621195,-1.18474819976836,-1.52888319268823,1,1,0
-2.43556316522881,-1.37111575808376,-1.90144041227177,1,1,0
-2.81007517362013,-2.84259141981602,-2.3077459121123,1,1,0
-2.57902584178373,-3.61104217730463,-1.97006873041391,1,1,0
-1.0458020074293,-0.150314715690911,-1.36846410483122,1,1,0
-2.4073956492357,-1.05466388352215,-1.94745486136526,1,1,0
-1.54803394619375,-1.54910612571985,-2.59391990024596,1,1,0
-1.42862433148548,-3.52028447668999,-1.30378463910893,1,1,0
-2.7891645077616,-1.79896381404251,-2.25901156989858,1,1,0
-2.5208107419312,-2.94897488877177,-2.39334965823218,1,1,0
-2.45891025522724,-0.406556675210595,-1.45880590612069,1,1,0
-2.79788301186636,-3.96328021679074,-1.53310289001092,1,1,0
-2.76417231746018,-3.05506025627255,-1.32218800345436,1,1,0
-1.01752688828856,-3.47982161864638,-1.86190231516957,1,1,0
-1.02789140539244,-2.69506741315126,-2.94743832340464,1,1,0
-2.72586505720392,-1.09440444689244,-2.02774554351345,1,1,0
-1.18938083667308,-0.033019058406353,-1.91463793441653,1,1,0
-1.84739632485434,-1.13946588896215,-1.32667976617813,1,1,0
-2.20910228183493,-1.9822407560423,-1.54267092375085,1,1,0
-2.10039503173903,-2.25580931268632,-1.88977238629013,1,1,0
-1.5869961977005,-0.204698997549713,-2.8531712051481,1,1,0
-2.83499450841919,-3.51927404943854,-2.72699540155008,1,1,0
-2.32137483963743,-3.69941929355264,-1.63078260747716,1,1,0
-1.63842489756644,-0.443914028815925,-2.80075612757355,1,1,0
-2.36610150383785,-2.30219161976129,-2.59242818970233,1,1,0
-1.33686280390248,-3.8305572848767,-2.26803972339258,1,1,0
-2.56965583469719,-1.4102314254269,-1.3076084847562,1,1,0
-2.00410212762654,-2.12552335020155,-2.52625480899587,1,1,0
-2.44790065474808,-1.52829550672323,-1.59024429880083,1,1,0
-2.61595336254686,-2.91673826985061,-2.78478233842179,1,1,0
-1.09875747188926,-3.3708188533783,-1.44186226278543,1,1,0
-2.35654892446473,-3.54298291914165,-2.48978863330558,1,1,0
-2.04308723239228,-1.96926854737103,-1.90391334798187,1,1,0
-2.94401485612616,-1.807870849967,-2.93219695845619,1,1,0
-1.90508106397465,-3.43741524219513,-1.38778104772791,1,1,0
-1.71151955891401,-3.32092379964888,-2.32449438562617,1,1,0
-1.80747291073203,-0.952058707363904,-1.16742828395218,1,1,0
-2.35612524859607,-1.8904202375561,-2.28578716423362,1,1,0
-1.21777137508616,-0.556042569689453,-1.04926997376606,1,1,0
-1.74748610518873,-1.30578004848212,-2.23124295473099,1,1,0
-2.39419016940519,-3.94783588126302,-2.02265292964876,1,1,0
-2.22359067248181,-1.22720439452678,-2.01844753744081,1,1,0
-2.67904981505126,-0.43314507137984,-2.97549075167626,1,1,0
-1.27489620493725,-1.47259929869324,-1.71705359872431,1,1,0
-1.09379757242277,-3.57082138024271,-1.97485005669296,1,1,0
-1.87271063309163,-0.315739184617996,-2.35929576354101,1,1,0
-2.34090517321602,-1.29855047538877,-1.83713368466124,1,1,0
-1.00676556257531,-3.40562514960766,-1.7653111834079,1,1,0
-2.53036064840853,-1.01863263081759,-2.12345092464238,1,1,0
-1.77465606946498,-0.22960455249995,-2.65926203876734,1,1,0
-2.78364294115454,-2.31686649750918,-1.5698390067555,1,1,0
-2.02593486011028,-2.80910768732429,-1.50442690262571,1,1,0
-2.80110835330561,-2.96229331940413,-1.31217058375478,1,1,0
-2.67766847461462,-3.10847473237664,-1.93048190604895,1,1,0
-2.43401425844058,-1.73738262616098,-2.39552947692573,1,1,0
-1.8322553280741,-0.973399468697608,-2.08696363586932,1,1,0
-1.53658468229696,-1.32158581633121,-2.23131493106484,1,1,0
-2.66895817779005,-1.81390882283449,-2.50190629065037,1,1,0
-1.26706447359174,-0.754145368933678,-1.69074651040137,1,1,0
-1.58285172563046,-0.963332791812718,-1.08935259655118,1,1,0
-1.47920092754066,-3.9197261352092,-2.41783408541232,1,1,0
-2.70583178289235,-2.47638519946486,-1.69962182687595,1,1,0
-2.28388607315719,-3.79647954553366,-1.92728013824672,1,1,0
-1.65333503717557,-0.808388250879943,-1.80509626679122,1,1,0
-1.95235479669645,-0.305203147232533,-2.95020346110687,1,1,0
-2.30039641447365,-1.82960651814938,-2.99031652091071,1,1,0
-2.51893859682605,-0.590541599318385,-2.73724349122494,1,1,0
-2.88361640740186,-1.66574854683131,-2.95036579249427,1,1,0
-2.52676051575691,-1.32670542597771,-2.81574109615758,1,1,0
-1.21984417364001,-1.9547416139394,-2.04888355173171,1,1,0
-1.37634516786784,-0.948997642844915,-2.60668647754937,1,1,0
-1.50496735563502,-0.386550848372281,-1.37065210286528,1,1,0
-2.69017654843628,-0.718101951293647,-2.51188154378906,1,1,0
-2.75051582278684,-3.71427260152996,-2.02238472411409,1,1,0
-1.05054838303477,-3.98441462777555,-1.70223504072055,1,1,0
-2.1277400078252,-3.79120553657413,-2.68256705999374,1,1,0
-2.07196674635634,-0.533759281039238,-1.32604417810217,1,1,0
-2.66940383752808,-1.69501932431012,-2.12680694041774,1,1,0
-1.83012688532472,-2.74462971184403,-2.53300894983113,1,1,0
-2.45844396110624,-0.162136864848435,-2.40228801593184,1,1,0
-2.53980615921319,-1.63522497192025,-2.68115732632577,1,1,0
-1.6175843370147,-1.87436265684664,-1.82886579167098,1,1,0
-2.43429520074278,-2.46425331383944,-2.70244404580444,1,1,0
-1.3792038676329,-2.72178708203137,-2.64188088057563,1,1,0
-2.81216678582132,-0.766454978846014,-2.32155699003488,1,1,0
-1.35593985766172,-3.83232200611383,-2.63219612231478,1,1,0
-2.14514343859628,-2.5450292211026,-2.18891695560887,1,1,0
-1.48822548054159,-0.573612132109702,-1.77288076328114,1,1,0
-1.67522898688912,-1.20821368601173,-1.62865733122453,1,1,0
-2.11094520613551,-1.26205410808325,-1.35294879972935,1,1,0
-1.74570763111115,-2.60793978907168,-2.25203577242792,1,1,0
-2.99906930187717,-1.7812726823613,-1.09431799082085,1,1,0
-2.56551297195256,-3.45102552976459,-2.96233568200842,1,1,0
-1.590255508665,-0.860273774713278,-1.77525005536154,1,1,0
-2.5696670236066,-0.452549713663757,-2.07285247230902,1,1,0
-1.37213255744427,-3.18361646682024,-2.29054075898603,1,1,0
-2.38447225140408,-0.917508154176176,-1.23515394236892,1,1,0
-1.62451462866738,-1.61454815696925,-2.84839428309351,1,1,0
-1.13463784195483,-0.169321030378342,-1.23341761669144,1,1,0
-2.7684406703338,-3.36524640955031,-2.62355632847175,1,1,0
-2.74458862422034,-1.89610290341079,-2.56986650638282,1,1,0
-1.64355228515342,-0.507394529879093,-1.2609354169108,1,1,0
-2.1421028082259,-0.521175718866289,-2.87832388747483,1,1,0
-1.33119804412127,-3.90524542704225,-2.53020079853013,1,1,0
-1.05712386639789,-0.09644122608006,-1.01396897435188,1,1,0
-2.8590220445767,-2.03910320717841,-1.64360454445705,1,1,0
-2.08042961359024,-2.44331870786846,-2.12902639899403,1,1,0
-1.59682976314798,-2.32978016044945,-2.24538011616096,1,1,0
-2.82611966412514,-3.62829671800137,-2.07763195130974,1,1,0
-1.01411196775734,-3.35276315920055,-1.39629625668749,1,1,0
-2.49380201194435,-2.37833401933312,-1.67406604951248,1,1,0
-2.90092312870547,-2.63274222332984,-2.06799267185852,1,1,0
-1.6273501063697,-2.33897018712014,-2.89348112698644,1,1,0
-1.42614529468119,-2.78379012364894,-2.52560416329652,1,1,0
-2.29278784804046,-1.75887785013765,-2.5335205248557,1,1,0
-2.26711711008102,-3.37650339771062,-2.53869279846549,1,1,0
-2.42579973861575,-0.173680943436921,-2.87654745206237,1,1,0
-2.84005417535082,-3.82413349859416,-2.00576278148219,1,1,0
-2.26909146085382,-2.51136902906001,-2.51174982264638,1,1,0
-2.64397237077355,-0.149538634344935,-1.48362892214209,1,1,0
-1.92789255874231,-1.41828993707895,-1.90539464494213,1,1,0
-1.99210257595405,-3.75494954269379,-1.10386620741338,1,1,0
-1.10992979304865,-2.36021628603339,-2.82765561528504,1,1,0
-2.3173574320972,-2.29637946374714,-1.10423483001068,1,1,0
-2.07057245168835,-1.96736766118556,-1.55520226387307,1,1,0
-2.83493763674051,-2.20160035695881,-1.15599079057574,1,1,0
-1.27978630783036,-1.50695446599275,-1.77231811266392,1,1,0
-2.20867872005329,-3.44008827582002,-2.67806699732319,1,1,0
-1.52820129925385,-0.368214396759868,-2.63411861564964,1,1,0
-2.6565131880343,-1.72222690097988,-1.53963287593797,1,1,0
-2.09047673735768,-1.80687770433724,-1.82094869902357,1,1,0
-1.45959048112854,-3.53268950991333,-2.37503527477384,1,1,0
-2.87470000330359,-0.951886670663953,-1.45441120211035,1,1,0
-1.36983700981364,-2.08652221318334,-2.32740359567106,1,1,0
-2.39771495107561,-0.872124341316521,-1.28864661790431,1,1,0
-2.27065794402733,-3.8158938055858,-1.83894301299006,1,1,0
-2.37577441614121,-0.720621328800917,-2.16855469718575,1,1,0
-2.92526007024571,-2.9223662102595,-1.13485442940146,1,1,0
-1.96239015320316,-2.86859834194183,-2.074602317065,1,1,0
-1.64197316858917,-1.42711376212537,-2.80130734015256,1,1,0
-1.19353287946433,-0.207524648867548,-2.06910127354786,1,1,0
-2.9489466031082,-3.97200618218631,-1.03183228475973,1,1,0
-1.02184345852584,-2.59352931194007,-1.14945426816121,1,1,0
-2.39422475080937,-2.32381710037589,-2.12920247297734,1,1,0
-1.12172319879755,-2.16849281173199,-1.26055856840685,1,1,0
-1.62478483654559,-1.1532296827063,-2.39929165644571,1,1,0
-2.10592601029202,-0.320607769303024,-1.40405473764986,1,1,0
-1.36704372242093,-1.49155719764531,-1.39897857606411,1,1,0
-2.92100160429254,-0.391272886656225,-2.22614860767499,1,1,0
-1.52193662896752,-0.970683363266289,-2.23682060977444,1,1,0
-2.30256101256236,-3.44856653735042,-1.70896877162158,1,1,0
-1.34149835305288,-3.38698048796505,-1.27666509151459,1,1,0
-1.92891721660271,-3.2347512524575,-1.68673465820029,1,1,0
-2.4509092727676,-2.26725943759084,-1.96734785288572,1,1,0
-1.39810357615352,-3.65112279262394,-2.70243683317676,1,1,0
-2.81671061040834,-3.10487999580801,-1.77446819422767,1,1,0
-1.33578445157036,-1.71140528190881,-2.91606636205688,1,1,0
-2.44628985505551,-2.39932328648865,-2.00328201474622,1,1,0
-1.49377980083227,-1.73813847731799,-1.52098355675116,1,1,0
-1.0716948597692,-0.681504485197365,-1.49220044119284,1,1,0
-2.83706687996164,-1.43154472205788,-2.8738125176169,1,1,0
-1.29127050703391,-2.43400499317795,-2.11503613321111,1,1,0
-1.39552356582135,-1.16168058104813,-1.99865660164505,1,1,0
-2.22965279081836,-3.56470370758325,-2.45951379928738,1,1,0
-2.34480520198122,-2.9055090630427,-1.80239570187405,1,1,0
-2.59012259403244,-1.62453226931393,-1.5283247474581,1,1,0
-1.86123467469588,-3.35926074627787,-1.57284437632188,1,1,0
-1.22388961911201,-0.586279044859111,-2.76701412629336,1,1,0
-1.94057181710377,-0.609043369069695,-1.84975876333192,1,1,0
-1.82608268642798,-2.08845274988562,-1.40373602556065,1,1,0
-1.66852971492335,-0.905231510289013,-2.53635240672156,1,1,0
-1.94021508283913,-2.81839967798442,-1.55028834892437,1,1,0
-1.98031420120969,-3.73748755268753,-1.32395360432565,1,1,0
-2.96767903817818,-2.237867500633,-2.76232285844162,1,1,0
-2.90458003012463,-2.15160456858575,-1.08209920674562,1,1,0
-1.14129863493145,-2.63626251928508,-1.50447083124891,1,1,0
-1.46142892260104,-3.25943872518837,-1.37822104245424,1,1,0
-2.59783876780421,-1.97200909256935,-2.62016455316916,1,1,0
-1.69947699923068,-3.92323587741703,-2.94806244503707,1,1,0
-1.69246663525701,-0.905255842022598,-1.27243541553617,1,1,0
-2.20949247712269,-1.76133968308568,-1.16164026921615,1,1,0
-1.37539034290239,-1.43414944317192,-2.72474402422085,1,1,0
-1.90595316467807,-2.1262715253979,-2.04470275621861,1,1,0
-1.22973469691351,-2.88310475740582,-2.07407699944451,1,1,0
-1.89337202487513,-2.15513371862471,-1.59964277781546,1,1,0
-1.18790377676487,-0.829046633094549,-2.86885019764304,1,1,0
-1.82507726596668,-1.65773769468069,-1.53392001334578,1,1,0
-2.1530726980418,-2.42096405662596,-2.20813681930304,1,1,0
-1.1008293540217,-0.755050601437688,-2.07702431036159,1,1,0
-1.58192419307306,-2.72574762441218,-1.54940127348527,1,1,0
-2.17338918382302,-1.67421064712107,-2.0599947059527,1,1,0
-2.96327183255926,-2.17804416827857,-1.00095204496756,1,1,0
-1.86653183447197,-2.92478620074689,-1.30812841653824,1,1,0
-2.01987309381366,-1.77929118089378,-1.34358539246023,1,1,0
-1.24265195755288,-3.07507646270096,-1.47671131137758,1,1,0
-1.37429462419823,-1.82706840801984,-2.77578701637685,1,1,0
-1.29180004494265,-2.20971943531185,-1.32204596139491,1,1,0
-2.26420810446143,-3.47884745243937,-1.37229895172641,1,1,0
-1.25210017431527,-1.51309606898576,-1.0171756115742,1,1,0
-2.69732365710661,-1.80802286695689,-2.90337095037103,1,1,0
-2.43637666059658,-3.40302314516157,-1.50642417510971,1,1,0
-1.66658968431875,-1.76181652303785,-2.16137295681983,1,1,0
-1.04523284640163,-2.29245769418776,-1.83571220561862,1,1,0
-1.834520526696,-2.20907960645854,-1.33853187551722,1,1,0
-1.9468198409304,-0.666820913553238,-2.97293874528259,1,1,0
-2.87843555025756,-1.12165086902678,-2.97695647366345,1,1,0
-1.06192227266729,-2.17245297785848,-1.00710858544335,1,1,0
-2.75952574284747,-1.91494294814765,-1.46862066583708,1,1,0
-2.82327339798212,-3.0301716895774,-2.37067477870733,1,1,0
-1.23847177019343,-3.69655666127801,-1.37597651127726,1,1,0
-1.98325874051079,-2.43481963500381,-1.0175615651533,1,1,0
-2.32501000538468,-3.94756713602692,-2.59848081413656,1,1,0
-1.21133074909449,-0.530002125538886,-1.70792555948719,1,1,0
-2.93605674384162,-0.0295373052358627,-2.12489854218438,1,1,0
1.27199057023972,2.4646434946917,3.75211304612458,0,0,0
2.52697682846338,2.21942140394822,3.95201322156936,0,0,0
1.42399246664718,1.44874426722527,1.8252782439813,2,0,1
1.53593919845298,2.83234202675521,0.922459772787988,2,0,1
2.06366238929331,2.60552204959095,2.78195707406849,2,0,1
1.94823373481631,1.62481722515076,2.22652937844396,2,0,1
1.74688732996583,1.45450239256024,2.33884035795927,2,0,1
2.55069985706359,2.31519040791318,1.734524987638,2,0,1
2.11640794016421,2.47146231262013,1.70470021106303,2,0,1
1.31047324230894,1.93018850916997,2.3874175818637,2,0,1
2.97883689682931,2.72721065860242,1.80834233947098,2,0,1
1.48889286071062,2.35000116657466,3.82643463462591,2,0,1
1.26075702439994,1.32293577771634,3.37772140000015,2,0,1
1.42536227079108,1.02418061345816,0.891074410639703,2,0,1
1.76000849669799,2.73213605489582,1.68068070802838,2,0,1
1.71924233762547,1.20142557565123,1.67993174213916,2,0,1
1.60532409790903,1.62446448905393,0.083163395524025,2,0,1
1.08879942726344,1.86899010604247,1.52179187815636,2,0,1
2.86956670554355,2.23151212837547,1.68939371034503,2,0,1
2.13743405975401,1.67844811361283,0.765704253688455,2,0,1
1.44160549016669,2.15995620563626,2.82131712697446,2,0,1
2.75592235056683,2.65934960544109,0.0540819009765983,2,0,1
1.934577612672,1.66923629119992,2.9248124230653,2,0,1
2.08469962934032,1.76403799233958,1.73089639190584,2,0,1
2.56879634782672,2.21137986937538,2.92496037203819,2,0,1
2.29574054479599,1.99147178418934,0.0557662099599838,2,0,1
1.28978629410267,1.2185357674025,0.181253233924508,2,0,1
1.64327475428581,2.69185659987852,1.67365750577301,2,0,1
2.90211116522551,1.89171307021752,2.57536000851542,2,0,1
1.37639698199928,2.5007518096827,0.879175142385066,2,0,1
2.50080849695951,2.59107723925263,3.33377061132342,2,0,1
1.91831695055589,1.78139771427959,2.77906925417483,2,0,1
1.28273009788245,1.02969577768818,3.59649794083089,2,0,1
1.41038615209982,2.4868296533823,1.65696114115417,2,0,1
2.35058699920774,1.13677035737783,1.64401881303638,2,0,1
1.27606042101979,2.06404126156121,1.00005995761603,2,0,1
1.83108740160242,1.24526082770899,1.49506815616041,2,0,1
1.9024940636009,2.35153999831527,0.927570930682123,2,0,1
2.24589313939214,1.11204013554379,3.72641265857965,2,0,1
1.50234859483317,2.59601877164096,1.90537902060896,2,0,1
1.92830692743883,2.32520992914215,0.190660011954606,2,0,1
1.33101845812052,1.48848279332742,3.09412422403693,2,0,1
2.71561290696263,1.32074487442151,1.32446931768209,2,0,1
1.31310379458591,1.11599980061874,2.211505882442,2,0,1
1.17666326742619,1.03042238764465,2.70532211568207,2,0,1
2.78683554381132,2.6667095432058,1.10933748353273,2,0,1
1.60124101676047,1.5237544355914,0.211422713473439,2,0,1
2.50417334213853,1.11082965228707,1.70303433481604,2,0,1
1.80321329599246,1.6960668656975,2.44047392811626,2,0,1
1.8971162121743,2.16043681791052,3.90418414026499,2,0,1
1.31934796040878,2.6084365514107,3.87920048087835,2,0,1
1.28903170255944,1.68053145287558,0.353938229382038,2,0,1
1.29836078407243,1.26970066176727,1.99352014902979,2,0,1
2.02886851970106,2.54722584038973,1.5827574711293,2,0,1
1.98565461253747,2.75447569973767,1.56132771633565,2,0,1
2.23268553707749,2.97593607008457,1.27399796340615,2,0,1
1.89484578138217,2.30963717028499,2.73030021693558,2,0,1
1.11135343043134,1.5080546066165,1.13845963031054,2,0,1
1.01079261908308,2.2829111199826,1.56037885695696,2,0,1
1.44366840226576,1.90122476126999,3.96067424118519,2,0,1
2.70192644791678,1.39392239414155,3.16802292596549,2,0,1
1.53469241224229,2.21237497078255,1.24962060619146,2,0,1
2.19720054650679,2.94925949955359,3.26847092155367,2,0,1
2.21719939447939,1.39834876265377,0.883639088831842,2,0,1
2.98431688081473,1.86951794708148,2.00429528113455,2,0,1
1.38237992161885,1.67907746927813,0.667889185249805,2,0,1
2.50678116921335,1.06801648484543,0.478636777959764,2,0,1
1.48477467428893,1.19839712651446,3.59043987095356,2,0,1
1.65490444004536,1.83846566546708,0.374859514646232,2,0,1
1.00707098934799,1.09467667993158,3.46023422665894,2,0,1
2.99484828719869,1.05305855395272,1.1063658548519,0,0,0
1.87611900875345,1.3470240929164,0.109134770929813,2,0,1
2.9953774898313,1.75617306865752,3.14953985344619,2,0,1
1.39343833830208,2.17664556857198,1.43464119918644,2,0,1
1.22295359149575,1.67285934044048,0.100411863066256,2,0,1
1.50147290108725,1.98909657355398,2.98437439184636,2,0,1
2.36095320619643,2.50465334951878,0.118502308614552,2,0,1
2.15450859349221,1.33812422398478,1.73545932397246,2,0,1
1.83269459242001,2.68726327316836,1.02650733198971,2,0,1
2.45836248714477,1.64060571277514,1.99206088390201,2,0,1
2.14837946603075,1.46777443261817,2.61342092230916,2,0,1
2.1552702980116,1.61998713156208,0.334627542644739,2,0,1
2.17999825486913,2.5798199265264,0.72188984695822,2,0,1
1.44585668016225,1.5090154982172,0.417850006371737,2,0,1
1.20698459725827,2.84564705146477,3.24957193527371,2,0,1
2.47301205387339,1.29670699499547,2.51000976655632,2,0,1
2.22480751248077,1.43295561289415,2.52228994388133,2,0,1
2.90242472104728,2.25218362361193,1.56355940084904,2,0,1
2.91975173121318,1.51414034655318,1.72901429515332,2,0,1
2.48967210017145,2.41434749541804,1.39453600905836,2,0,1
1.8696602913551,2.48481043661013,3.17423103470355,2,0,1
1.3495502746664,1.52471278700978,3.54774444829673,2,0,1
1.87057613767684,2.1452396158129,2.60450834687799,2,0,1
2.52491637552157,2.83129725558683,2.37145305704325,2,0,1
2.83805862208828,2.41684010066092,1.31128837540746,2,0,1
2.8133951658383,2.68871014146134,0.30275747179985,2,0,1
2.63102565798908,2.83988482831046,2.36554896831512,2,0,1
1.39950588531792,1.58926934888586,0.713347054086626,2,0,1
1.09925117064267,2.3013053284958,2.96540049649775,2,0,1
1.95789705123752,1.28353238059208,1.17550483252853,2,0,1
2.18078673770651,2.70706336386502,2.55674324277788,2,0,1
1.19324047164991,2.33201323216781,0.499289589002728,2,0,1
2.90178046980873,2.46665335865691,1.02106313500553,2,0,1
1.32548627723008,1.62948069861159,3.28229874931276,2,0,1
2.84301252523437,2.33543588034809,3.21512157190591,2,0,1
1.25555014563724,1.92777342302725,0.183338522911072,2,0,1
2.32547918101773,2.30056586256251,3.50212688744068,2,0,1
2.56808385485783,2.57155041629449,0.512036359868944,2,0,1
2.52922632358968,2.80340840155259,2.43532561417669,2,0,1
2.34514062106609,2.054815096315,1.87826749309897,2,0,1
1.23133180476725,1.3162180967629,2.22916434239596,2,0,1
2.70260297507048,1.53923750622198,2.9215711383149,2,0,1
2.23592318966985,1.26908042887226,1.879434755072,2,0,1
2.67282311199233,1.47511511063203,3.95444023609161,2,0,1
1.33985644951463,2.44611324416474,3.93867353815585,2,0,1
1.02056244015694,2.25425086449832,1.57313872408122,2,0,1
1.64693946251646,1.90472898539156,2.43538855016232,2,0,1
1.53936544898897,2.26861394708976,1.38193492032588,2,0,1
2.65052271215245,2.05899375909939,1.74845024850219,2,0,1
2.86732347402722,1.66021277150139,0.916527853347361,2,0,1
1.25558296730742,2.54147472139448,0.0242889923974872,2,0,1
2.8266752124764,2.26997833745554,0.0955075528472662,2,0,1
2.21046789549291,2.54872736800462,0.235033713281155,2,0,1
1.80057033291087,1.35769832786173,3.05830258037895,2,0,1
2.33159060683101,1.79280454758555,1.87617602199316,2,0,1
2.53519855439663,2.92543173162267,3.40332752093673,2,0,1
2.04379140026867,1.75462723849341,2.32687756232917,2,0,1
1.78901503421366,1.1551098995842,0.747553049586713,2,0,1
2.93157366709784,2.05867021810263,2.43624391406775,2,0,1
1.09797108126804,2.89944798732176,3.57336693257093,2,0,1
1.30661654332653,2.71222610818222,3.17728466354311,2,0,1
2.39367813104764,2.09887228766456,2.01637133583426,2,0,1
2.45557174645364,2.32990708341822,1.69211309496313,2,0,1
1.21675883093849,2.00089627318084,2.61752515099943,2,0,1
1.92913709115237,2.84814432170242,3.55095405783504,2,0,1
2.28425107244402,1.18385590706021,3.56806588452309,2,0,1
1.79422187572345,1.99390671495348,0.713562151417136,2,0,1
2.98086051410064,2.56444818805903,1.03000969905406,2,0,1
2.35741761978716,2.73969374829903,0.453754018992186,2,0,1
1.63063691509888,2.80310465861112,3.18863583449274,2,0,1
1.30753852007911,2.62276497576386,0.438153955154121,2,0,1
1.60250347154215,1.30745925474912,3.31628677900881,2,0,1
1.18903106125072,2.45951745565981,3.08418518770486,2,0,1
1.05375101370737,2.51900586625561,3.77475761808455,2,0,1
1.62096660863608,2.32163897482678,1.86783037427813,2,0,1
2.484877737239,2.81607017247006,3.75942259002477,2,0,1
2.92018442461267,1.77956773294136,3.14073176961392,2,0,1
1.83160532545298,2.91395668964833,3.49843150004745,2,0,1
2.04447081452236,1.9131727386266,1.57785061374307,2,0,1
1.13503945758566,1.39001718908548,0.398796643130481,2,0,1
2.25968361087143,2.18143846606836,1.10784568171948,2,0,1
1.70682757440954,1.31079738680273,2.88888820447028,2,0,1
1.84942930424586,2.0389921576716,1.42522071767598,2,0,1
2.92753758141771,1.82567938184366,1.53084753360599,2,0,1
2.36199697386473,2.6544339004904,0.127874603495002,2,0,1
2.43692776886746,2.12619176041335,2.08578114770353,2,0,1
1.34125953074545,1.91295096371323,0.484311641193926,2,0,1
1.40721817826852,1.3846972505562,3.5407367059961,2,0,1
2.75309942383319,1.94389366963878,0.29858519602567,2,0,1
2.6750450511463,1.46500048879534,3.13691178709269,2,0,1
2.44125408492982,1.62815942149609,3.41652921028435,2,0,1
1.56212674221024,2.73370409058407,0.148712682537735,2,0,1
1.41998179350048,1.88997461413965,1.10057403799146,2,0,1
1.98830063920468,1.86785683780909,2.56827979627997,2,0,1
2.04350561648607,1.94517616229132,3.14031343813986,2,0,1
1.43966362345964,2.66680342471227,1.60025084763765,2,0,1
2.52621340472251,1.02068221569061,3.74120931886137,2,0,1
1.04903930611908,1.61825894890353,1.56206788308918,2,0,1
2.42297189030796,1.17230594297871,1.69583722855896,2,0,1
2.68177519831806,2.646014186088,1.14568680431694,2,0,1
2.86164214415476,1.94221442751586,2.44699363410473,2,0,1
2.32418329454958,2.06467185122892,2.23525095451623,2,0,1
1.53988443873823,1.79079085821286,0.159868540242314,2,0,1
1.43646692065522,1.90887433895841,2.98112778738141,2,0,1
2.73563634231687,1.22980189416558,0.825949682854116,2,0,1
1.04914310341701,1.06218168558553,2.62598386034369,2,0,1
2.70005344878882,1.04642175743356,2.08965868502855,2,0,1
2.04786615399644,1.15503869066015,2.53374633938074,2,0,1
1.87092540366575,1.72306219069287,2.47025253530592,2,0,1
2.86258949292824,2.52281745010987,1.1395821897313,2,0,1
1.32910079183057,2.48656328348443,0.895228889770806,2,0,1
1.75757678411901,1.19538440695032,2.15607742127031,2,0,1
1.27608987409621,2.9238108349964,3.98548790905625,2,0,1
1.29944215435535,1.28640885697678,1.31566614750773,2,0,1
2.35289449477568,1.96932348236442,1.29334435332566,2,0,1
2.12423231173307,2.12982198037207,0.14129407145083,2,0,1
1.94329688558355,2.86461118096486,2.10244741011411,2,0,1
2.62220033723861,2.64004954136908,2.38722766004503,2,0,1
2.92477706447244,2.06616607913747,2.96834663674235,2,0,1
2.03081976808608,1.76893796073273,3.81134851835668,2,0,1
2.4074455392547,2.09197662444785,1.95848495140672,2,0,1
1.3617590200156,2.59345586970448,0.333149381913245,2,0,1
1.70993389422074,2.25468672439456,1.03971199598163,2,0,1
1.09980557858944,1.20791400130838,3.49938650242984,2,0,1
1.30510740540922,1.38398501928896,3.40823654551059,2,0,1
1.19854343729094,2.68422086723149,3.37161865830421,2,0,1
1.5602961522527,1.95875322492793,3.78761469852179,2,0,1
1.77490040427074,2.55452117603272,2.61072653904557,2,0,1
2.2683175727725,2.63635826995596,1.95262226089835,2,0,1
2.41412721760571,1.59386787982658,0.751026802696288,2,0,1
1.65203663753346,1.4534198786132,2.85213224310428,2,0,1
2.9303666302003,2.24071578634903,0.340279882773757,2,0,1
2.39290889492258,1.74775114562362,1.84479762241244,2,0,1
1.32215638831258,2.77194483624771,3.74362922646105,2,0,1
1.73812448326498,1.25106321554631,3.38117467146367,2,0,1
1.60443551838398,1.3159931814298,2.86474686767906,2,0,1
1.91593153495342,2.27692505158484,0.495225393213332,2,0,1
2.64656549273059,1.37226112373173,2.37930984515697,2,0,1
1.46507870173082,2.32901735929772,3.95941120572388,2,0,1
1.80464445054531,2.0240517091006,2.4616339514032,2,0,1
2.94322560587898,2.4832396809943,1.09231066796929,2,0,1
1.24884149199352,1.67302605928853,0.254827372729778,2,0,1
2.2605801532045,1.22253689914942,0.289213102310896,2,0,1
2.40773401176557,1.80457924865186,3.49404485616833,2,0,1
2.1824005683884,2.08539748052135,1.45129998680204,2,0,1
2.993032542523,2.48052257439122,3.78248859662563,2,0,1
1.09067220287398,1.34514016192406,2.23327575996518,2,0,1
2.98014507582411,2.17297085374594,2.05064460355788,2,0,1
2.49061261862516,1.99969308450818,3.7910866541788,2,0,1
1.87349919555709,2.8727171337232,0.439206382259727,2,0,1
1.30601309752092,2.82060622051358,3.27563020214438,2,0,1
1.89773035096005,1.30581321846694,1.5093684270978,2,0,1
1.37264942517504,1.61459501041099,2.2265641912818,2,0,1
1.85309716500342,2.39658833667636,1.25548474676907,2,0,1
2.64155973307788,2.52643048251048,0.329371521249413,2,0,1
1.10075782844797,2.01973930932581,3.11975016910583,2,0,1
1.6507643032819,1.45345434406772,0.772938913665712,2,0,1
2.68482385901734,1.33172284811735,2.62234187033027,2,0,1
1.08039958588779,1.63227430125698,1.7405882133171,2,0,1
2.58374592242762,1.08988217264414,0.788593306206167,2,0,1
2.9232568750158,2.33913682680577,3.9786416888237,2,0,1
2.32184097496793,2.49255434656516,1.78697146568447,2,0,1
1.01743483822793,1.49706672504544,0.125706656835973,2,0,1
1.93157844850793,1.93390644434839,3.74806623253971,2,0,1
2.43322769738734,1.08857465349138,3.48393581714481,2,0,1
1.05636421963573,1.1965318005532,2.40498513355851,2,0,1
2.690965117421,2.79418904846534,1.19606182537973,2,0,1
2.49283081805333,2.23029696615413,3.23738510068506,2,0,1
1.52806152869016,2.28142000036314,3.80856954026967,2,0,1
2.49182735243812,1.92200424196199,3.40821588505059,2,0,1
2.34316494269297,1.55946290586144,0.509238943457603,2,0,1
1.34410546673462,2.88990049203858,3.87552939914167,2,0,1
2.33943293662742,1.04614344891161,2.22840403486043,2,0,1
2.86070806300268,1.35462545230985,0.021457789465785,2,0,1
2.70194951677695,2.94285625452176,0.543055678717792,2,0,1
2.56214647041634,2.59947551274672,0.0233884062618017,2,0,1
2.37168466253206,2.9993020282127,3.26749624870718,2,0,1
2.18273822404444,1.52148690540344,3.12865435145795,2,0,1
1.80654643382877,2.16436531674117,3.72426514327526,2,0,1
1.25669622514397,1.14458833215758,1.47475952934474,2,0,1
2.64032892882824,2.60456740064546,3.89781949669123,2,0,1
2.43344094464555,2.76113073015586,3.29497472755611,2,0,1
2.57664970494807,2.77925907820463,3.14979545306414,2,0,1
1.03663200233132,1.02265401370823,2.49130333866924,2,0,1
1.34898028196767,1.48280113236979,3.86941971536726,2,0,1
2.19729793677106,2.21453779516742,1.99967396259308,2,0,1
1.16127764573321,1.72544112987816,3.57478239852935,2,0,1
2.41463188361377,2.4184173187241,1.60417298786342,2,0,1
2.12733754841611,1.08414592128247,1.79016643855721,2,0,1
1.56561581837013,2.31434206152335,3.74311632849276,2,0,1
1.78411353146657,1.46137888403609,2.73332878947258,2,0,1
2.3454563356936,1.54595474526286,0.0726525206118822,2,0,1
1.32435933453962,2.46632755547762,0.662106870673597,2,0,1
1.21700380695984,1.35651240171865,1.98333799559623,2,0,1
2.06688845995814,1.77126853726804,1.70614091213793,2,0,1
1.20639820070937,2.3687091213651,3.96821248251945,2,0,1
1.18683617049828,1.83038209518418,3.55580049566925,2,0,1
2.2798502841033,2.08432367770001,1.38302148506045,2,0,1
2.12808487424627,1.91037976043299,2.82337650004774,2,0,1
1.61107303900644,1.25412887660787,3.63489874824882,2,0,1
1.53201806265861,1.06236849213019,2.70517154876143,2,0,1
2.26500157918781,1.33130640769377,2.55640108510852,2,0,1
2.66151566710323,2.59776142332703,0.598418108187616,2,0,1
1.10271123051643,1.28477607481182,2.40450156014413,2,0,1
2.9846700723283,1.14888168359175,1.09100494347513,2,0,1
1.04417438572273,1.05714801512659,1.83141348417848,2,0,1
1.35967777809128,1.83478380646557,0.889012373052537,2,0,1
1.65738414973021,2.7080560750328,1.01968606747687,2,0,1
2.70979143353179,1.66097788093612,2.61475090868771,2,0,1
1.36872062645853,1.88887303136289,1.88797264453024,2,0,1
2.59071340505034,1.82696647197008,0.643852142617106,2,0,1
2.71770427655429,1.70350156817585,1.0883213384077,2,0,1
1.94403906771913,2.85570055898279,2.8518243720755,2,0,1
2.29640567861497,2.86010911269113,2.45341460872442,2,0,1
1.65008336910978,1.56052631977946,0.528487864881754,2,0,1
1.93227491620928,2.45861989911646,0.280029012821615,2,0,1
2.88481456739828,1.43356979917735,3.86506005190313,2,0,1
1.49092859728262,2.88049555476755,1.47308111190796,2,0,1
1.04491411847994,1.12859794637188,2.70981633849442,2,0,1
2.93414366105571,2.97733782790601,3.38380692154169,2,0,1
1.52009771391749,1.42041696049273,0.966601541265845,2,0,1
2.30821443302557,1.63706486625597,0.140603964217007,2,0,1
1.15076247509569,1.24353977292776,2.38096094690263,2,0,1
2.93849219800904,2.16842849226668,3.34476451203227,2,0,1
2.83707864768803,2.3166868230328,1.44899684097618,2,0,1
2.73630507243797,2.99233005521819,1.32875413354486,2,0,1
1.84875794965774,1.38813513377681,2.57894532289356,2,0,1
2.5620639519766,2.63299343828112,3.83446054719388,2,0,1
1.59981178538874,2.23890411993489,2.38481451384723,2,0,1
1.57890557684004,2.97121421713382,2.04112007189542,2,0,1
2.99854766624048,1.88358393032104,0.621056543663144,2,0,1
2.97407441586256,2.44837044551969,3.38340402208269,2,0,1
1.96009268239141,1.1516972463578,0.85752170253545,2,0,1
2.52455013245344,2.26068550394848,2.67949297931045,2,0,1
1.657223850023,1.42917290283367,2.47102580498904,2,0,1
1.47247769450769,2.83825510367751,0.199999107979238,2,0,1
2.23572006076574,2.62390400655568,3.79759510233998,2,0,1
1.6808985308744,2.71223185397685,2.33020812645555,2,0,1
1.1167820552364,2.6335144918412,3.44381734821945,2,0,1
2.96389164449647,1.83420338062569,2.07386899739504,2,0,1
2.3760802433826,2.95509820757434,1.06450993381441,2,0,1
2.72436444181949,1.99872731976211,2.38951065391302,2,0,1
1.92339096730575,1.99714332912117,3.18230433668941,2,0,1
1.25205439701676,1.68694450426847,2.75714415032417,2,0,1
2.3605908905156,1.13469878816977,1.92252657841891,2,0,1
1.03989757038653,2.81473067775369,1.86371755506843,2,0,1
1.32591727934778,1.44223947124556,2.47364934068173,2,0,1
2.79163167020306,1.59532778616995,1.79708205722272,2,0,1
1.30631548911333,2.31708492524922,2.4108301308006,2,0,1
1.51728318724781,2.13323981920257,0.0184358963742852,2,0,1
1.48804936045781,2.94258478004485,3.97997805010527,2,0,1
1.62372981477529,1.20986446645111,1.62584979366511,2,0,1
1.44249337911606,2.08759785164148,0.471806548535824,2,0,1
1.06109368568286,2.83074426976964,3.47815638128668,2,0,1
2.8060732181184,2.74587480723858,2.16077182628214,2,0,1
2.91879492858425,2.80907781841233,3.52639067173004,2,0,1
2.88569732289761,2.55756112700328,0.150159356184304,2,0,1
1.90660007996485,1.33434214023873,3.52573584858328,2,0,1
1.87533000484109,1.24276981828734,2.88939867913723,2,0,1
1.10033229552209,1.23658826109022,3.07924118638039,2,0,1
1.71964253671467,1.86413518246263,3.45437483582646,2,0,1
2.79328812938184,2.55477393371984,2.00296841282398,2,0,1
1.74212633445859,2.80819619027898,3.70345609728247,2,0,1
2.00657002255321,1.85293256025761,0.832298681139946,2,0,1
2.05519861215726,2.61902221245691,0.108422375284135,2,0,1
1.34054013015702,1.936750207562,1.26317228842527,2,0,1
2.07719755358994,2.35720619466156,2.64044899865985,2,0,1
1.22098689014092,2.51745176827535,1.25876520294696,2,0,1
2.22821006877348,2.36671923054382,3.77784555125982,2,0,1
2.08995285397395,2.69515922665596,3.11588231939822,2,0,1
1.45525738503784,1.6231398191303,1.35772498510778,2,0,1
2.80301730521023,1.36553360521793,1.92658505868167,2,0,1
1.39705287339166,1.18704034015536,1.66397919505835,2,0,1
1.84362423513085,1.02958918735385,3.10533559788018,2,0,1
2.76872371602803,2.80482660559937,1.94170802365988,2,0,1
1.47640169318765,2.59210583614185,0.0611964166164398,2,0,1
1.58326119650155,1.15554379718378,2.56980518065393,2,0,1
2.75279053905979,1.20348618086427,0.939319939352572,2,0,1
2.23814495000988,1.34778418298811,2.98810353223234,2,0,1
2.71459750737995,2.05735604092479,1.18242949806154,2,0,1
1.95456866500899,2.47062802920118,3.62487276643515,2,0,1
2.78846191987395,1.23643733002245,3.41329607181251,2,0,1
1.33813871350139,1.20687878411263,1.84785510785878,2,0,1
2.24214027542621,2.10452692816034,0.28539299312979,2,0,1
2.44552105944604,1.58103713579476,2.31121489778161,2,0,1
1.3804323268123,1.88088104920462,2.3183173360303,2,0,1
2.13743100455031,1.23688860889524,3.97430710773915,2,0,1
2.34306265506893,2.84323721658438,1.34109765756875,2,0,1
2.83842179737985,2.46517899585888,2.66720709670335,2,0,1
1.65111939562485,1.92306092614308,3.75422400794923,2,0,1
2.09350414061919,2.34462885372341,2.29942733980715,2,0,1
1.00998235726729,1.57698882231489,2.76684565562755,2,0,1
1.74023228278384,2.32689082249999,0.359034348279238,2,0,1
2.27524284925312,1.75013728626072,3.46583697851747,2,0,1
2.21921402029693,2.34184708353132,2.00455758720636,2,0,1
2.6365843382664,1.82544912584126,0.893025136552751,2,0,1
1.23578359326348,2.42264046845958,1.64967696648091,2,0,1
2.32671534223482,1.56215191446245,3.54522511828691,2,0,1
1.40321451053023,2.477408955805,1.98237374890596,2,0,1
2.173719082959,2.14984290767461,2.69101491104811,2,0,1
2.39013995742425,1.04899197118357,1.13001775182784,2,0,1
2.0565762957558,1.72538945125416,3.26823321171105,2,0,1
1.73904302017763,1.88169854460284,0.984397818334401,2,0,1
2.396944811102,1.8068039054051,1.47858477570117,2,0,1
1.94740891456604,2.08954433584586,0.942097580060363,2,0,1
1.46161569608375,2.72639301186427,3.74302770383656,2,0,1
1.9082693932578,2.53134931251407,1.66030731331557,2,0,1
1.15838383836672,1.13084381632507,0.549797621555626,2,0,1
1.51536114746705,1.23503595171496,3.65745889209211,2,0,1
2.10816100146621,1.61957641458139,1.39056550431997,2,0,1
1.04351958632469,1.61735661420971,3.41172350291163,2,0,1
1.42220412753522,2.46467358944938,0.570540715008974,2,0,1
2.27278678445145,1.28298271773383,1.43773148395121,2,0,1
2.43394754221663,2.95514647522941,0.982020270079374,2,0,1
2.55372481094673,2.70959803182632,0.183623786084354,2,0,1
1.14641713071615,2.16784746432677,3.13819160871208,2,0,1
1.19749674294144,2.79912850772962,0.796686938032508,2,0,1
2.89279112080112,1.01868908619508,1.5674009770155,2,0,1
2.86176681565121,2.56911417236552,1.29424897860736,2,0,1
2.84290308319032,2.81560295540839,2.40842362027615,2,0,1
2.29987729666755,1.22155511984602,2.16508671827614,2,0,1
1.31270073214546,1.93164200661704,3.96329493075609,2,0,1
2.82028733752668,2.34869652148336,1.01516419649124,2,0,1
2.84412377560511,1.93090492160991,2.94107957277447,2,0,1
1.33848122786731,2.75004108343273,3.9104326441884,2,0,1
1.14673463115469,1.80217107245699,2.23218496702611,2,0,1
2.13245786214247,2.13337029144168,1.57083263806999,2,0,1
1.73081059381366,2.30741149233654,3.29875703714788,2,0,1
1.9203332378529,1.57131945900619,0.449537843465805,2,0,1
1.92947382479906,2.78388970158994,2.14311161637306,2,0,1
2.55781421624124,1.27742668893188,1.77532633952796,2,0,1
2.64733275258914,2.1143882824108,1.09582885075361,2,0,1
1.56471010437235,1.50585685251281,0.629430143162608,2,0,1
2.45995662827045,1.1472123414278,3.48735229484737,2,0,1
1.99194337194785,2.52529725059867,2.24817942548543,2,0,1
1.13253660220653,2.21273755189031,2.20275903306901,2,0,1
1.07529566111043,1.66598773049191,2.36946114245802,2,0,1
1.4751701480709,2.81932723755017,2.91125145088881,2,0,1
1.43679222045466,2.18005439359695,2.5557011384517,2,0,1
1.84477254981175,2.89285145886242,2.45780065935105,2,0,1
2.09950326615945,2.80466107744724,0.20966740231961,2,0,1
2.4274752093479,1.77393607748672,2.26063101179898,2,0,1
1.47998821735382,2.43696198984981,2.34936552122235,2,0,1
2.79136402625591,2.65469410968944,2.51426830049604,2,0,1
1.96524757612497,2.82764408923686,2.48756258003414,2,0,1
1.52569400379434,1.26123759755865,0.329080168157816,2,0,1
1.6398375206627,1.08883415348828,0.310570448637009,2,0,1
2.32860394846648,2.97646773559973,2.74837875925004,2,0,1
2.45610272279009,1.77895870758221,3.32121436949819,2,0,1
2.1428719018586,2.42210682621226,0.583639500662684,2,0,1
2.75739015266299,2.05188015382737,3.13412028923631,2,0,1
1.81840655766428,1.77380255050957,1.94580031652004,2,0,1
1.41079157916829,2.43713366147131,3.957060421817,2,0,1
1.94164083432406,2.76036143489182,1.99641981814057,2,0,1
1.75881555071101,1.24232039274648,2.24904214031994,2,0,1
1.49512992473319,1.73410447360948,1.51302808243781,2,0,1
2.85006505157799,2.57986372709274,2.07454878930002,2,0,1
1.93234941316769,1.43120046379045,0.297135168686509,2,0,1
1.02788336668164,2.24145352188498,2.15388937667012,2,0,1
2.88644947623834,1.7554447138682,3.8442440032959,2,0,1
1.74909131089225,2.20807059993967,2.11124055832624,2,0,1
1.01608307100832,2.12903653644025,1.7486378075555,2,0,1
2.9610490067862,2.38888660026714,0.129067986272275,2,0,1
1.75508011179045,2.62828737311065,0.150936722755432,2,0,1
2.97173510957509,1.90736846905202,0.189393175765872,2,0,1
1.27923278138041,1.73992939013988,0.643836142495275,2,0,1
2.12443620618433,2.64531807648018,1.8763895733282,2,0,1
2.5887203887105,2.02524854289368,3.22369589935988,2,0,1
1.38780273729935,2.48316365061328,1.12239006441087,2,0,1
2.42139700613916,2.69867695635185,3.01913594081998,2,0,1
2.13141604000703,1.88059943076223,2.08730325940996,2,0,1
1.02023146627471,1.81181661318988,1.15578877273947,2,0,1
1.51390173565596,2.70183522161096,0.0695088058710098,2,0,1
1.94196296576411,2.45404922403395,2.67339811939746,2,0,1
2.85372549435124,2.23014050303027,0.267903858795762,2,0,1
2.99058395763859,2.40000212658197,3.3455457072705,2,0,1
1.41996460082009,2.49634592793882,0.541372623294592,2,0,1
2.09037381643429,1.52369528543204,2.62351243384182,2,0,1
2.29078574478626,1.55239330325276,3.35179091524333,2,0,1
2.80221596127376,1.39892754331231,1.03059198427945,2,0,1
