"x","y","t","cluster"
-4.20596510153264,-8.99254289986566,1.9797813934274,0
5.70844168178737,-1.14443853073753,-3.31009390172549,1
-1.80225694812834,5.91871194373816,-0.225461933389306,0
7.58374459929764,-7.48639465249144,8.99858178449795,0
8.72125222901814,1.20677007841878,-0.338532536057755,0
-8.99798131207936,-5.81067848559469,7.7289343980141,0
0.556488663330674,-7.37487332518213,8.20587610085495,0
7.76989707900211,5.01549571319483,2.15295264995657,0
1.01841328642331,7.82189811123535,-1.76834242469631,0
-0.859028240991757,-2.48563703745604,-6.98752511939965,0
9.04530023792759,3.2692808536347,8.61893610474654,0
-0.923983707418666,-8.02215491370298,-3.93566778050736,0
3.51589858196676,-2.29740117159672,-8.69773268331774,0
1.4381413587369,-4.46720383744687,8.86499341274612,0
-7.8620912832208,6.22987276981585,4.3678062139079,0
7.91653441395611,-1.01937644043937,-7.08257294716313,0
-5.02746285977773,6.13927419036627,0.975836190115661,0
-9.06722123608924,6.18531228848733,8.99100652341731,0
-3.40716975820251,5.82797795799561,1.692570391763,0
8.9991722531151,-1.19133258545771,-1.8906964214053,0
7.71287845806219,5.03860814105719,2.92829089066945,0
3.81750744190067,2.55857840487733,-3.56755178156309,1
2.78203491261229,4.16161154676229,-3.80714378482662,1
9.78654157714918,-9.88762948815711,-5.54860090096481,0
3.08297482249327,-0.488731832848861,-2.58412045645528,1
4.1289032697212,-5.54164607380517,9.58754022871144,0
0.87250728928484,-2.37963255308568,-6.84679444371723,0
1.86401200485416,2.23286586483009,-8.0973288022913,0
-4.17463720156811,-2.93440139698796,-7.09024322591722,0
-6.98714978322387,-7.69951859791763,3.76214060992934,0
9.16787980422377,-5.07633444014937,2.36127837114036,0
7.9655210933648,3.32750063147396,7.74960351954214,0
3.77596451276913,-1.63059376236051,3.42538203368895,1
5.85025487020612,5.70627751378342,4.69413921092637,0
-9.4126490467228,-7.86328004370444,0.418487370433287,0
-0.439639772381634,-1.2891237183474,3.16480130357668,1
5.11749884295277,9.60214820369147,6.3717481108848,0
-5.61512287049554,7.78241206509992,5.66837472366169,0
-3.60001604883,7.65208740360104,9.50047396388836,0
-5.31380945001729,-6.43395752459764,-1.19925558236428,0
-7.07255955683067,-7.31222530701198,-3.72829639893025,0
-1.69198255087249,3.03141811578535,-1.79239593828097,1
-1.70825833934359,-3.0983738492243,-9.69275118573569,0
-2.59686007169075,3.10381093374454,-6.25977942463942,0
-6.88159399470314,-3.55660979873501,6.78604051396251,0
-7.1516399437096,-6.18371583851986,-5.32299671536312,0
-5.28592483084649,5.58942716605961,-5.1658208780922,0
-0.673943484993652,-8.04681926309131,-8.38151492639445,0
-4.63374172076583,-0.657774976920336,-5.03467117496766,1
7.08498876378872,0.227808106038719,4.59627706948668,1
-2.30509366979823,-0.525540605187416,0.835421552881598,1
-3.00494546582922,0.372980702202767,1.30686196126044,1
-3.22418194031343,-0.548363153357059,1.56758507806808,1
-3.50710201170295,-0.363010823726654,0.157642930746078,1
-3.77780707739294,-0.652032366488129,0.221254367381334,1
-3.22001112950966,0.602859167382121,-0.894240465015173,1
-2.85612937202677,-0.7074358840473,0.636791703291237,1
-3.56621447438374,0.645434783305973,-1.02625903021544,1
-3.11046399595216,-0.33800434274599,-0.846935180947185,1
-3.56401866255328,-0.251661224290729,0.863123834133148,1
-2.9954008734785,0.259490847587585,0.910134532488883,1
-3.29219085630029,-0.806732513941824,-1.3078278452158,1
-2.70002968236804,-0.956012569367886,-0.774754964746535,1
-3.25057208677754,0.986089560668916,-0.52037089318037,1
-3.28910923842341,0.167877691332251,-1.68911378271878,1
-2.93262410908937,0.563646130263805,0.852600755169988,1
-2.51933127921075,0.783792245201766,0.20369091629982,1
-3.55779412435368,0.509730907157063,-1.45653841458261,1
-3.1745077627711,0.958407460246235,1.89665477629751,1
-3.46862662630156,-0.911705864127725,0.24785263556987,1
-2.74005389306694,0.806801769416779,1.15363752655685,1
-3.63234301842749,0.731001628097147,1.39565633703023,1
-2.27271177712828,0.550815182738006,1.51216709893197,1
-2.50686399172992,-0.246367166284472,1.20190549548715,1
-2.66343070054427,-0.91578390263021,0.560593945905566,1
-2.76396425347775,-0.271177836693823,0.515711043030024,1
-3.25552387954667,-0.452497460413724,-0.914363981224597,1
-2.94032862829044,0.700934961438179,-1.88024069834501,1
-2.25063531426713,-0.275196575094014,-0.320543140172958,1
-2.83649980043992,-0.391044418793172,-0.578261315822601,1
-2.32046447042376,0.518270678818226,-0.430674984119833,1
-3.37510367017239,0.689669248647988,-1.3122526705265,1
-2.58341935556382,-0.0841568778268993,-0.721431522630155,1
-3.46996438782662,0.4592633289285,-0.345779743045568,1
-2.81131361192092,-0.791842727921903,1.03734278678894,1
-3.03742039902136,-0.560033644549549,-0.912439179606736,1
-3.46993453707546,0.907902495469898,-1.53767017181963,1
-2.87081913044676,0.504075082484633,-1.88265354000032,1
-2.17362355394289,0.637910766527057,1.22742119152099,1
-2.19625122100115,-0.164445796515793,-0.079494253732264,1
-3.45166675699875,0.187676986213773,1.22499176114798,1
-3.35703448718414,0.597647115588188,-1.68397727329284,1
-2.02871823124588,0.776817300822586,-1.53865036182106,1
-2.76001337962225,-0.229616813361645,-1.48233484197408,1
-2.12537182169035,-0.819355831481516,0.954994168132544,1
-3.06693459535018,0.251487274188548,1.02839413378388,1
-3.18633481347933,0.491272434592247,1.96982123423368,1
-2.68153935158625,-0.829243085347116,0.498211949132383,1
-3.69530676631257,-0.398964777588844,-0.845239565707743,1
-2.85426588356495,0.229124314617366,-1.20035290252417,1
-3.52254794631153,0.505864115897566,1.20367139484733,1
-2.07528212713078,0.83411426609382,0.911050841212273,1
-2.79726854804903,-0.0484989886172116,-1.13180810119957,1
-2.96994054550305,0.134238932281733,0.97695402149111,1
-3.19485331559554,0.473240692168474,1.46661483310163,1
-2.23950691753998,0.714894848875701,0.117623025551438,1
-3.27181627042592,0.818293008953333,0.39455418754369,1
-3.42352143861353,-0.887235549278557,1.75052932929248,1
-3.6587095297873,0.00581660820171237,1.80289639346302,1
-3.65565650723875,-0.298910453915596,0.642129205167294,1
-3.03591478895396,0.691112245898694,-1.71085367631167,1
-3.49407014297321,0.612870327662677,1.30532631464303,1
-3.5674904207699,-0.7653375454247,-0.0818236880004406,1
-2.65124722383916,0.425373109988868,-0.43508486635983,1
-3.90467274514958,-0.529462283942848,-0.803508897311985,1
-2.59829382505268,-0.850086497608572,-1.02276700176299,1
-3.29622272308916,0.871292294468731,-0.312759472988546,1
-3.18211200414225,-0.685664349701256,1.75108070764691,1
-2.3580973520875,0.294114700052887,-0.942059533670545,1
-2.16228530369699,-0.652964507695287,0.27427501603961,1
-3.43494333978742,-0.959851981606334,-1.19126172922552,1
-2.07779041258618,0.0426276926882565,-1.22877749241889,1
-2.54321114346385,-0.827444213442504,0.874446980655193,1
-2.62724983599037,-0.433995307888836,-0.745928417891264,1
-3.89431211445481,-0.159130197949708,-1.44643949065357,1
-3.20955973071977,0.174556248355657,-1.76787720900029,1
-3.04430924030021,0.613388859201223,1.7243985645473,1
-2.87949347263202,-0.596009582281113,0.273352048359811,1
-2.60347681026906,-0.0811506565660238,-1.52891855780035,1
-2.16863292315975,-0.103713772259653,0.259177925996482,1
-2.76329754525796,0.467495516408235,0.161024731583893,1
-3.14315698249266,0.429509621113539,1.27873007394373,1
-2.91583926556632,0.662443957757205,0.8119180155918,1
-3.88304302282631,0.773132241796702,0.270993494428694,1
-3.47828628588468,0.905289147980511,0.885237065143883,1
-3.20569609338418,0.101233443710953,1.00977685395628,1
-3.60451052663848,0.0446715322323143,-0.474309612996876,1
-2.33614487433806,-0.658603489398956,-0.847958874888718,1
-3.69422555435449,-0.0414568800479174,0.126733308658004,1
-2.39316291594878,-0.492358407005668,-0.961415714584291,1
-2.90634768689051,-0.92043872596696,1.32716127112508,1
-2.6753647159785,0.269601019565016,-0.378544460982084,1
-3.65660301223397,0.0791218280792236,-1.70947229769081,1
-2.73388928035274,-0.719792900141329,1.81503449846059,1
-3.37626050645486,-0.432576446328312,-1.13126486819237,1
-2.55089130718261,0.166061190422624,-0.377498933114111,1
-3.20212035067379,-0.669948215596378,0.502673261798918,1
-2.06128717772663,-0.80739777861163,0.513619215227664,1
-2.06520325876772,-0.142773817293346,-0.687045343220234,1
-2.54659492196515,-0.288476868532598,-1.44436203222722,1
-3.48556650709361,0.689867079723626,1.6586286816746,1
-3.55642413068563,-0.479735052678734,0.396463869139552,1
-2.81390869664028,-0.953711015637964,0.998428383842111,1
-3.46495713572949,0.724799079354852,1.67581898067147,1
-2.93785920226946,-0.330824077595025,0.115061583928764,1
-2.42941665742546,0.263577743433416,-0.512085015885532,1
-3.66387837892398,0.0928525174967945,-1.73676671553403,1
-3.1912016379647,-0.247111013624817,1.41747969482094,1
-3.05684744473547,-0.62825396982953,0.0416452055796981,1
-2.26378638623282,-0.142118817660958,-1.16000776551664,1
-2.1485840883106,0.261547197122127,-0.49662625323981,1
-2.23604488139972,0.0416847025044262,-1.17053800076246,1
-2.65162631496787,0.319242674391717,-0.16303673107177,1
-2.09966604132205,0.458721862640232,-1.03399099968374,1
-2.96711021149531,-0.0263542532920837,-1.5252387104556,1
-2.84696195740253,-0.231086768675596,-1.71012340113521,1
-3.32733758818358,-0.986332982312888,0.763959399424493,1
-3.30535073718056,-0.99263154482469,-0.852169523015618,1
-3.95995139889419,0.989872880280018,-1.40235001780093,1
-2.99437390873209,-0.784226239658892,1.88972803670913,1
-2.25791317271069,-0.162661683280021,-0.357942438684404,1
-3.98739843210205,0.435769093222916,-0.392744583077729,1
-3.85588575201109,0.485078264493495,0.594225394539535,1
-3.67157755000517,0.743997647427022,1.66522295866162,1
-2.45933185145259,0.215735922101885,-1.13335144426674,1
-2.52963138837367,0.512406702619046,0.191995487548411,1
-2.05624872865155,0.694482596125454,0.880201831459999,1
-3.06705524632707,0.225559297949076,-0.411015979014337,1
-3.85123097337782,0.586448335554451,-1.62399442959577,1
-2.70236375136301,-0.95429063308984,0.539585620164871,1
-2.48281366098672,-0.166170900687575,-1.99008475895971,1
-3.72578783798963,0.749764774926007,-1.15790704078972,1
-3.20683081075549,0.294694031123072,0.716091237962246,1
-3.55002934159711,0.848957973532379,1.46475652139634,1
-3.88408287893981,-0.655549807939678,1.19878846220672,1
-3.2082146233879,-0.368374421726912,-1.46001440659165,1
-3.87014340003952,0.608512558508664,-0.45000696927309,1
-3.5482271341607,0.977926822379231,1.15388771612197,1
-3.89074178179726,-0.355228896252811,0.771654666401446,1
-2.65943592088297,-0.997616743203253,0.37709188554436,1
-3.40451643476263,0.984341238625348,-1.50456939451396,1
-3.79855683539063,-0.703295216429979,0.220312410965562,1
-3.85619180556387,-0.901271405629814,-0.202354448847473,1
-2.2391188624315,0.194706965237856,1.06466611474752,1
-2.49150519585237,-0.357343113049865,-1.89560911338776,1
-2.36678822478279,0.0558580006472766,-1.21931427251548,1
-2.03571925265715,0.590844040736556,1.52493825927377,1
-3.79280071007088,-0.862134806346148,-1.56079362612218,1
-3.80191634129733,0.390041394624859,1.87420371174812,1
-2.40233677765355,0.897263014689088,-0.459205628372729,1
-2.43084946693853,-0.444461365230381,1.43436562921852,1
-3.98114018980414,-0.501186829525977,1.54953901842237,1
-2.44186823442578,-0.681129039730877,-0.0436340058222413,1
-2.5412186961621,-0.856739887967706,0.872367235831916,1
-2.73973629437387,0.114875166211277,-0.0531777096912265,1
-3.03817834006622,-0.0203258967958391,1.95483544375747,1
-3.68672629725188,-0.0114152762107551,-1.7409954816103,1
-3.98356896033511,0.776743170339614,-1.36934888828546,1
-3.09508321154863,-0.926591280382127,1.14139447361231,1
-3.01541334250942,-0.592512372881174,0.168753159232438,1
-3.22082577692345,0.0275622783228755,-0.333810619078577,1
-3.07066811621189,-0.527320221997797,1.99553059600294,1
-2.57344199856743,0.150871339719743,-0.97730753198266,1
-3.88939614733681,-0.0354841770604253,0.0315026845782995,1
-3.29043380497023,0.138705377466977,-1.68411528971046,1
-2.39437545416877,-0.71169536979869,1.25467345770448,1
-2.32858232595026,-0.708582474850118,-0.471283359453082,1
-3.52450119005516,-0.175433774013072,1.20873083174229,1
-3.292027794756,0.3660205649212,-1.2083054529503,1
-2.28622915968299,0.306855640839785,1.78559908084571,1
-2.29247325239703,0.831972666084766,-0.617310103029013,1
-3.40820908918977,0.626226264983416,0.0882009891793132,1
-3.70590335084125,0.35178000247106,-1.55324797425419,1
-2.59201587736607,0.614998218603432,1.54389940481633,1
-3.79238662356511,-0.743871160782874,1.81701989285648,1
-3.93254445400089,-0.498442932032049,-1.83847694750875,1
-2.00119094410911,-0.336906016804278,-0.0255352454259992,1
-3.93025039182976,-0.185461420100182,-1.0957451807335,1
-3.32321743248031,0.270735153928399,1.43520135711879,1
-2.16987247671932,0.617224089801311,0.123742935247719,1
-2.76552946073934,-0.482397597283125,-1.98144739679992,1
-3.42742930259556,0.638934279792011,-0.889759679324925,1
-2.52440519398078,-0.969044662080705,-0.699187427759171,1
-2.33189138164744,0.308801533188671,0.354825106449425,1
-3.37145843915641,0.623439168557525,-1.00126119703054,1
-3.01486690435559,-0.0772621463984251,-1.82753087673336,1
-2.60525246756151,-0.593165796715766,-1.55728484969586,1
-2.71707529202104,-0.962463565636426,0.815015248022974,1
-2.71215417003259,-0.433734605554491,1.75608495529741,1
-2.04429319035262,0.830545251257718,-0.755323927849531,1
-3.17052933108062,0.867393041029572,-1.68602827936411,1
-3.76119044004008,0.0850632274523377,-0.713023634627461,1
-2.94794067973271,-0.56115490803495,0.499622147530317,1
-3.54985329834744,-0.0211443919688463,-0.239032601937652,1
-3.02717647189274,0.602297472301871,1.20538120251149,1
-3.25957040302455,-0.18473868444562,-0.882864779792726,1
-2.03329963842407,-0.792576866224408,0.282852773554623,1
-3.22336176969111,-0.438869650475681,-1.83148795180023,1
-3.54151031933725,-0.277067558839917,-1.23713017813861,1
-2.75340490741655,-0.481510317884386,0.90834588278085,1
-3.72691960586235,-0.0586363328620791,1.30676020123065,1
-2.06506101135164,-0.268309053499252,0.0428843013942242,1
-2.96985638421029,-0.757455891463906,0.270904663018882,1
-3.67385934153572,-0.906012638937682,-1.99537672102451,1
-2.7561954096891,-0.474407391622663,-1.42488758731633,1
-2.0280916695483,0.937282335944474,1.46386833209544,1
-2.66245696507394,-0.0230090352706611,-1.66975575778633,1
-3.16216820618138,-0.0443559405393898,-1.02171727176756,1
-3.35331001365557,0.497585762292147,1.92617262993008,1
-2.3294893600978,0.335280462633818,0.310325117781758,1
-3.71236591273919,-0.901168806478381,-1.00509454216808,1
-3.61436810623854,0.390210488811135,0.459815815091133,1
-2.20652263471857,-0.273476866539568,-1.87297071702778,1
-3.3837608913891,0.76826721476391,-1.41430582292378,1
-3.27339891297743,0.550594459287822,0.812291895970702,1
-2.43210704252124,-0.721592717338353,-1.73775716591626,1
-3.61324264016002,-0.409981457516551,0.487228249199688,1
-3.96446837624535,-0.747834429144859,1.74930946156383,1
-3.18678426742554,0.179803247563541,-1.64842154085636,1
-3.03366466145962,0.123351217713207,1.89121403731406,1
-3.15631009964272,0.377442240249366,-1.89595715794712,1
-3.31438239663839,-0.377458381932229,0.900911808013916,1
-2.26703337067738,0.211173682939261,-0.185174433514476,1
-3.08978389808908,0.982068637851626,0.264729619957507,1
-2.9324702527374,0.486409830395132,1.49092418514192,1
-2.07231333618984,-0.848285739310086,0.218252718448639,1
-2.45081691583619,-0.0976621871814132,0.950608829036355,1
-3.58224730286747,-0.892926130909473,0.492516648024321,1
-3.38242633454502,-0.320888971909881,-0.755886376835406,1
-2.05731509951875,0.467904297634959,-0.431214061565697,1
-2.83019981300458,-0.991786119062454,-1.19165017828345,1
-2.47835274925455,0.543818964622915,1.41112155839801,1
-3.25458121113479,-0.0740495775826275,0.42732060328126,1
-2.46161217754707,0.44168070005253,1.02439205534756,1
-2.9246456339024,0.333011434413493,0.250067234970629,1
-2.17200910067186,0.144147441256791,-0.896403948776424,1
-3.62940711621195,0.407625900115818,0.942233614623547,1
-3.43556316522881,0.31444212095812,0.197119175456464,1
-3.81007517362013,-0.421295709908009,-0.615491824224591,1
-3.57902584178373,-0.805521088652313,0.0598625391721725,1
-2.0458020074293,0.924842642154545,1.26307179033756,1
-3.4073956492357,0.472668058238924,0.105090277269483,1
-2.54803394619375,0.225446937140077,-1.18783980049193,1
-2.42862433148548,-0.760142238344997,1.39243072178215,1
-3.7891645077616,0.100518092978746,-0.518023139797151,1
-3.5208107419312,-0.474487444385886,-0.786699316464365,1
-3.45891025522724,0.796721662394702,1.08238818775862,1
-3.79788301186636,-0.981640108395368,0.933794219978154,1
-3.76417231746018,-0.527530128136277,1.35562399309129,1
-2.01752688828856,-0.739910809323192,0.276195369660854,1
-2.02789140539244,-0.347533706575632,-1.89487664680928,1
-3.72586505720392,0.45279777655378,-0.0554910870268941,1
-2.18938083667308,0.983490470796824,0.170724131166935,1
-2.84739632485434,0.430267055518925,1.34664046764374,1
-3.20910228183493,0.00887962197884917,0.914658152498305,1
-3.10039503173903,-0.127904656343162,0.220455227419734,1
-2.5869961977005,0.897650501225144,-1.7063424102962,1
-3.83499450841919,-0.759637024719268,-1.45399080310017,1
-3.32137483963743,-0.849709646776319,0.738434785045683,1
-2.63842489756644,0.778042985592037,-1.6015122551471,1
-3.36610150383785,-0.151095809880644,-1.18485637940466,1
-2.33686280390248,-0.915278642438352,-0.536079446785152,1
-3.56965583469719,0.29488428728655,1.3847830304876,1
-3.00410212762654,-0.0627616751007736,-1.05250961799175,1
-3.44790065474808,0.235852246638387,0.819511402398348,1
-3.61595336254686,-0.458369134925306,-1.56956467684358,1
-2.09875747188926,-0.685409426689148,1.11627547442913,1
-3.35654892446473,-0.771491459570825,-0.979577266611159,1
-3.04308723239228,0.0153657263144851,0.19217330403626,1
-3.94401485612616,0.0960645750164986,-1.86439391691238,1
-2.90508106397465,-0.718707621097565,1.22443790454417,1
-2.71151955891401,-0.66046189982444,-0.648988771252334,1
-2.80747291073203,0.523970646318048,1.66514343209565,1
-3.35612524859607,0.0547898812219501,-0.57157432846725,1
-2.21777137508616,0.721978715155274,1.90146005246788,1
-2.74748610518873,0.34710997575894,-0.462485909461975,1
-3.39419016940519,-0.973917940631509,-0.045305859297514,1
-3.22359067248181,0.38639780273661,-0.0368950748816133,1
-3.67904981505126,0.78342746431008,-1.95098150335252,1
-2.27489620493725,0.26370035065338,0.565892802551389,1
-2.09379757242277,-0.785410690121353,0.0502998866140842,1
-2.87271063309163,0.842130407691002,-0.718591527082026,1
-3.34090517321602,0.350724762305617,0.325732630677521,1
-2.00676556257531,-0.702812574803829,0.469377633184195,1
-3.53036064840853,0.490683684591204,-0.246901849284768,1
-2.77465606946498,0.885197723750025,-1.31852407753468,1
-3.78364294115454,-0.158433248754591,0.860321986488998,1
-3.02593486011028,-0.404553843662143,0.99114619474858,1
-3.80110835330561,-0.481146659702063,1.37565883249044,1
-3.67766847461462,-0.554237366188318,0.139036187902093,1
-3.43401425844058,0.13130868691951,-0.791058953851461,1
-2.8322553280741,0.513300265651196,-0.173927271738648,1
-2.53658468229696,0.339207091834396,-0.462629862129688,1
-3.66895817779005,0.0930455885827541,-1.00381258130074,1
-2.26706447359174,0.622927315533161,0.618506979197264,1
-2.58285172563046,0.518333604093641,1.82129480689764,1
-2.47920092754066,-0.959863067604601,-0.835668170824647,1
-3.70583178289235,-0.238192599732429,0.60075634624809,1
-3.28388607315719,-0.898239772766829,0.14543972350657,1
-2.65333503717557,0.595805874560028,0.389807466417551,1
-2.95235479669645,0.847398426383734,-1.90040692221373,1
-3.30039641447365,0.085196740925312,-1.98063304182142,1
-3.51893859682605,0.704729200340807,-1.47448698244989,1
-3.88361640740186,0.167125726584345,-1.90073158498853,1
-3.52676051575691,0.336647287011147,-1.63148219231516,1
-2.21984417364001,0.0226291930302978,-0.0977671034634113,1
-2.37634516786784,0.525501178577542,-1.21337295509875,1
-2.50496735563502,0.80672457581386,1.25869579426944,1
-3.69017654843628,0.640949024353176,-1.02376308757812,1
-3.75051582278684,-0.857136300764978,-0.0447694482281804,1
-2.05054838303477,-0.992207313887775,0.595529918558896,1
-3.1277400078252,-0.895602768287063,-1.36513411998749,1
-3.07196674635634,0.733120359480381,1.34791164379567,1
-3.66940383752808,0.152490337844938,-0.253613880835474,1
-2.83012688532472,-0.372314855922014,-1.06601789966226,1
-3.45844396110624,0.918931567575783,-0.804576031863689,1
-3.53980615921319,0.182387514039874,-1.36231465265155,1
-2.6175843370147,0.0628186715766788,0.342268416658044,1
-3.43429520074278,-0.232126656919718,-1.40488809160888,1
-2.3792038676329,-0.360893541015685,-1.28376176115125,1
-3.81216678582132,0.616772510576993,-0.643113980069757,1
-2.35593985766172,-0.916161003056914,-1.26439224462956,1
-3.14514343859628,-0.272514610551298,-0.377833911217749,1
-2.48822548054159,0.713193933945149,0.454238473437726,1
-2.67522898688912,0.395893156994134,0.742685337550938,1
-3.11094520613551,0.368972945958376,1.29410240054131,1
-2.74570763111115,-0.30396989453584,-0.504071544855833,1
-3.99906930187717,0.109363658819348,1.81136401835829,1
-3.56551297195256,-0.725512764882296,-1.92467136401683,1
-2.590255508665,0.569863112643361,0.449499889276922,1
-3.5696670236066,0.773725143168122,-0.145704944618046,1
-2.37213255744427,-0.59180823341012,-0.581081517972052,1
-3.38447225140408,0.541245922911912,1.52969211526215,1
-2.62451462866738,0.192725921515375,-1.69678856618702,1
-2.13463784195483,0.915339484810829,1.53316476661712,1
-3.7684406703338,-0.682623204775155,-1.2471126569435,1
-3.74458862422034,0.0519485482946038,-1.13973301276565,1
-2.64355228515342,0.746302735060453,1.47812916617841,1
-3.1421028082259,0.739412140566856,-1.75664777494967,1
-2.33119804412127,-0.952622713521123,-1.06040159706026,1
-2.05712386639789,0.95177938695997,1.97206205129623,1
-3.8590220445767,-0.0195516035892069,0.712790911085904,1
-3.08042961359024,-0.221659353934228,-0.258052797988057,1
-2.59682976314798,-0.164890080224723,-0.490760232321918,1
-3.82611966412514,-0.814148359000683,-0.155263902619481,1
-2.01411196775734,-0.676381579600275,1.20740748662502,1
-3.49380201194435,-0.189167009666562,0.651867900975049,1
-3.90092312870547,-0.316371111664921,-0.135985343717039,1
-2.6273501063697,-0.16948509356007,-1.78696225397289,1
-2.42614529468119,-0.391895061824471,-1.05120832659304,1
-3.29278784804046,0.120561074931175,-1.06704104971141,1
-3.26711711008102,-0.688251698855311,-1.07738559693098,1
-3.42579973861575,0.91315952828154,-1.75309490412474,1
-3.84005417535082,-0.912066749297082,-0.0115255629643798,1
-3.26909146085382,-0.255684514530003,-1.02349964529276,1
-3.64397237077355,0.925230682827532,1.03274215571582,1
-2.92789255874231,0.290855031460524,0.189210710115731,1
-2.99210257595405,-0.877474771346897,1.79226758517325,1
-2.10992979304865,-0.180108143016696,-1.65531123057008,1
-3.3173574320972,-0.148189731873572,1.79153033997864,1
-3.07057245168835,0.0163161694072187,0.889595472253859,1
-3.83493763674051,-0.100800178479403,1.68801841884851,1
-2.27978630783036,0.246522767003626,0.455363774672151,1
-3.20867872005329,-0.720044137910008,-1.35613399464637,1
-2.52820129925385,0.815892801620066,-1.26823723129928,1
-3.6565131880343,0.138886549510062,0.920734248124063,1
-3.09047673735768,0.0965611478313804,0.358102601952851,1
-2.45959048112854,-0.766344754956663,-0.750070549547672,1
-3.87470000330359,0.524056664668024,1.0911775957793,1
-2.36983700981364,-0.0432611065916717,-0.654807191342115,1
-3.39771495107561,0.563937829341739,1.42270676419139,1
-3.27065794402733,-0.907946902792901,0.322113974019885,1
-3.37577441614121,0.639689335599542,-0.33710939437151,1
-3.92526007024571,-0.461183105129749,1.73029114119709,1
-2.96239015320316,-0.434299170970917,-0.149204634130001,1
-2.64197316858917,0.286443118937314,-1.60261468030512,1
-2.19353287946433,0.896237675566226,-0.138202547095716,1
-3.9489466031082,-0.986003091093153,1.93633543048054,1
-2.02184345852584,-0.296764655970037,1.70109146367759,1
-3.39422475080937,-0.161908550187945,-0.25840494595468,1
-2.12172319879755,-0.0842464058659971,1.4788828631863,1
-2.62478483654559,0.423385158646852,-0.798583312891424,1
-3.10592601029202,0.839696115348488,1.19189052470028,1
-2.36704372242093,0.254221401177347,1.20204284787178,1
-3.92100160429254,0.804363556671888,-0.452297215349972,1
-2.52193662896752,0.514658318366855,-0.473641219548881,1
-3.30256101256236,-0.724283268675208,0.58206245675683,1
-2.34149835305288,-0.693490243982524,1.44666981697083,1
-2.92891721660271,-0.61737562622875,0.626530683599412,1
-3.4509092727676,-0.133629718795419,0.0653042942285538,1
-2.39810357615352,-0.825561396311969,-1.40487366635352,1
-3.81671061040834,-0.552439997904003,0.451063611544669,1
-2.33578445157036,0.144297359045595,-1.83213272411376,1
-3.44628985505551,-0.199661643244326,-0.00656402949243784,1
-2.49377980083227,0.130930761341006,0.958032886497676,1
-2.0716948597692,0.659247757401317,1.01559911761433,1
-3.83706687996164,0.284227638971061,-1.7476250352338,1
-2.29127050703391,-0.217002496588975,-0.230072266422212,1
-2.39552356582135,0.419159709475935,0.00268679670989513,1
-3.22965279081836,-0.782351853791624,-0.919027598574758,1
-3.34480520198122,-0.45275453152135,0.395208596251905,1
-3.59012259403244,0.187733865343034,0.943350505083799,1
-2.86123467469588,-0.679630373138934,0.854311247356236,1
-2.22388961911201,0.706860477570444,-1.53402825258672,1
-2.94057181710377,0.695478315465152,0.30048247333616,1
-2.82608268642798,-0.0442263749428093,1.19252794887871,1
-2.66852971492335,0.547384244855493,-1.07270481344312,1
-2.94021508283913,-0.409199838992208,0.899423302151263,1
-2.98031420120969,-0.868743776343763,1.3520927913487,1
-3.96767903817818,-0.118933750316501,-1.52464571688324,1
-3.90458003012463,-0.0758022842928767,1.83580158650875,1
-2.14129863493145,-0.318131259642541,0.991058337502182,1
-2.46142892260104,-0.629719362594187,1.24355791509151,1
-3.59783876780421,0.0139954537153244,-1.24032910633832,1
-2.69947699923068,-0.961617938708514,-1.89612489007413,1
-2.69246663525701,0.547372078988701,1.45512916892767,1
-3.20949247712269,0.11933015845716,1.6767194615677,1
-2.37539034290239,0.282925278414041,-1.44948804844171,1
-2.90595316467807,-0.0631357626989484,-0.0894055124372244,1
-2.22973469691351,-0.441552378702909,-0.148153998889029,1
-2.89337202487513,-0.0775668593123555,0.800714444369078,1
-2.18790377676487,0.585476683452725,-1.73770039528608,1
-2.82507726596668,0.171131152659655,0.932159973308444,1
-3.1530726980418,-0.210482028312981,-0.416273638606071,1
-2.1008293540217,0.622474699281156,-0.154048620723188,1
-2.58192419307306,-0.362873812206089,0.901197453029454,1
-3.17338918382302,0.162894676439464,-0.119989411905408,1
-3.96327183255926,-0.0890220841392875,1.99809591006488,1
-2.86653183447197,-0.462393100373447,1.38374316692352,1
-3.01987309381366,0.110354409553111,1.31282921507955,1
-2.24265195755288,-0.537538231350482,1.04657737724483,1
-2.37429462419823,0.0864657959900796,-1.55157403275371,1
-2.29180004494265,-0.104859717655927,1.35590807721019,1
-3.26420810446143,-0.739423726219684,1.25540209654719,1
-2.25210017431527,0.24345196550712,1.96564877685159,1
-3.69732365710661,0.0959885665215552,-1.80674190074205,1
-3.43637666059658,-0.701511572580785,0.987151649780571,1
-2.66658968431875,0.119091738481075,-0.322745913639665,1
-2.04523284640163,-0.14622884709388,0.32857558876276,1
-2.834520526696,-0.104539803229272,1.32293624896556,1
-2.9468198409304,0.666589543223381,-1.94587749056518,1
-3.87843555025756,0.43917456548661,-1.9539129473269,1
-2.06192227266729,-0.0862264889292419,1.9857828291133,1
-3.75952574284747,0.0425285259261727,1.06275866832584,1
-3.82327339798212,-0.5150858447887,-0.741349557414651,1
-2.23847177019343,-0.848278330639005,1.24804697744548,1
-2.98325874051079,-0.217409817501903,1.9648768696934,1
-3.32501000538468,-0.973783568013459,-1.19696162827313,1
-2.21133074909449,0.734998937230557,0.584148881025612,1
-3.93605674384162,0.985231347382069,-0.249797084368765,1
3.87605652306229,-0.728009429760277,0.929286989383399,1
3.97600661078468,0.526976828463376,0.438842807896435,1
2.91263912199065,-0.576007533352822,-1.10251146554947,1
2.46122988639399,-0.464060801547021,1.66468405351043,1
3.39097853703424,0.063662389293313,1.21104409918189,1
3.11326468922198,-0.0517662651836872,-0.750365549698472,1
3.16942017897964,-0.25311267003417,-1.09099521487951,1
2.867262493819,0.550699857063591,0.630380815826356,1
2.85235010553151,0.116407940164208,0.942924625240266,1
3.19370879093185,-0.689526757691056,-0.139622981660068,1
2.90417116973549,0.978836896829307,1.45442131720483,1
3.91321731731296,-0.511107139289379,0.700002333149314,1
3.68886070000008,-0.739242975600064,-1.35412844456732,1
2.44553720531985,-0.574637729208916,-1.95163877308369,1
2.84034035401419,-0.239991503302008,1.46427210979164,1
2.83996587106958,-0.280757662374526,-1.59714884869754,1
2.04158169776201,-0.394675902090967,-0.75107102189213,1
2.76089593907818,-0.911200572736561,-0.262019787915051,1
2.84469685517251,0.869566705543548,0.463024256750941,1
2.38285212684423,0.137434059754014,-0.643103772774339,1
3.41065856348723,-0.558394509833306,0.319912411272526,1
2.0270409504883,0.755922350566834,1.31869921088219,1
3.46240621153265,-0.0654223873279989,-0.661527417600155,1
2.86544819595292,0.0846996293403208,-0.471924015320837,1
3.46248018601909,0.568796347826719,0.422759738750756,1
2.02788310497999,0.29574054479599,-0.0170564316213131,1
2.09062661696225,-0.710213705897331,-1.562928465195,1
2.8368287528865,-0.356725245714188,1.38371319975704,1
3.28768000425771,0.902111165225506,-0.21657385956496,1
2.43958757119253,-0.623603018000722,1.00150361936539,1
3.66688530566171,0.500808496959507,1.18215447850525,1
3.38953462708741,-0.0816830494441092,-0.437204571440816,1
3.79824897041544,-0.71726990211755,-1.94060844462365,1
2.82848057057709,-0.589613847900182,0.973659306764603,1
2.82200940651819,0.350586999207735,-1.72645928524435,1
2.50002997880802,-0.723939578980207,0.12808252312243,1
2.74753407808021,-0.168912598397583,-1.50947834458202,1
2.46378546534106,-0.0975059363991022,0.703079996630549,1
3.86320632928982,0.245893139392138,-1.77591972891241,1
2.95268951030448,-0.497651405166835,1.19203754328191,1
2.0953300059773,-0.0716930725611746,0.650419858284295,1
3.54706211201847,-0.668981541879475,-1.02303441334516,1
2.66223465884104,0.715612906962633,-1.35851025115699,1
3.105752941221,-0.686896205414087,-1.76800039876252,1
3.35266105784103,-0.823336732573807,-1.9391552247107,1
2.55466874176636,0.786835543811321,1.3334190864116,1
2.10571135673672,-0.398758983239532,-0.952491128817201,1
2.85151716740802,0.504173342138529,-1.77834069542587,1
3.22023696405813,-0.196786704007536,-0.607866268604994,1
3.95209207013249,-0.102883787825704,0.320873635821044,1
3.93960024043918,-0.680652039591223,1.21687310282141,1
2.17696911469102,-0.710968297440559,-0.638937094248831,1
2.9967600745149,-0.701639215927571,-1.46059867646545,1
2.79137873556465,0.0288685197010636,1.09445168077946,1
2.78066385816783,-0.0143453874625266,1.50895139947534,1
2.63699898170307,0.232685537077487,1.95187214016914,1
3.36515010846779,-0.105154218617827,0.619274340569973,1
2.56922981515527,-0.888646569568664,-0.983890786767006,1
2.78018942847848,-0.989207380916923,0.5658222399652,1
3.98033712059259,-0.556331597734243,-0.197550477460027,1
3.58401146298274,0.701926447916776,-1.21215521171689,1
2.62481030309573,-0.465307587757707,0.424749941565096,1
3.63423546077684,0.197200546506792,1.89851899910718,1
2.44181954441592,0.217199394479394,-1.20330247469246,1
3.00214764056727,0.984316880814731,-0.260964105837047,1
2.3339445926249,-0.617620078381151,-0.641845061443746,1
2.23931838897988,0.506781169213355,-1.86396703030914,1
3.79521993547678,-0.515225325711071,-1.60320574697107,1
2.18742975732312,-0.345095559954643,-0.323068669065833,1
3.73011711332947,-0.992929010652006,-1.81064664013684,1
2.55318292742595,0.994848287198693,-1.89388289209455,1
2.05456738546491,-0.123880991246551,-1.3059518141672,1
3.57476992672309,0.995377489831299,-0.487653862684965,1
2.71732059959322,-0.606561661697924,0.35329113714397,1
2.05020593153313,-0.777046408504248,-0.654281319119036,1
3.49218719592318,-0.498527098912746,-0.0218068528920412,1
2.05925115430728,0.360953206196427,1.00930669903755,1
2.86772966198623,0.15450859349221,-1.32375155203044,1
2.51325366599485,-0.167305407579988,1.37452654633671,1
2.99603044195101,0.458362487144768,-0.718788574449718,1
3.30671046115458,0.148379466030747,-1.06445113476366,1
2.16731377132237,0.155270298011601,-0.760025736875832,1
2.36094492347911,0.179998254869133,1.15963985305279,1
2.20892500318587,-0.554143319837749,-0.981969003565609,1
3.62478596763685,-0.79301540274173,1.69129410292953,1
3.25500488327816,0.47301205387339,-1.40658601000905,1
3.26114497194067,0.224807512480766,-1.1340887742117,1
2.78177970042452,0.902424721047282,0.504367247223854,1
2.86450714757666,0.919751731213182,-0.971719306893647,1
2.69726800452918,0.489672100171447,0.828694990836084,1
3.58711551735178,-0.130339708644897,0.969620873220265,1
3.77387222414836,-0.650449725333601,-0.950574425980449,1
3.302254173439,-0.129423862323165,0.290479231625795,1
3.18572652852163,0.52491637552157,1.66259451117367,1
2.65564418770373,0.838058622088283,0.83368020132184,1
2.15137873589993,0.813395165838301,1.37742028292269,1
3.18277448415756,0.631025657989085,1.67976965662092,1
2.35667352704331,-0.600494114682078,-0.821461302228272,1
3.48270024824888,-0.900748829357326,0.602610656991601,1
2.58775241626427,-0.0421029487624764,-1.43293523881584,1
3.27837162138894,0.180786737706512,1.41412672773004,1
2.24964479450136,-0.806759528350085,0.66402646433562,1
2.51053156750277,0.901780469808728,0.933306717313826,1
3.64114937465638,-0.674513722769916,-0.741038602776825,1
3.60756078595296,0.843012525234371,0.670871760696173,1
2.09166926145554,-0.744449854362756,-0.144453153945506,1
3.75106344372034,0.325479181017727,0.601131725125015,1
2.25601817993447,0.568083854857832,1.14310083258897,1
3.21766280708835,0.529226323589683,1.60681680310518,1
2.93913374654949,0.345140621066093,0.109630192629993,1
3.11458217119798,-0.768668195232749,-1.36756380647421,1
3.46078556915745,0.702602975070477,-0.92152498755604,1
2.939717377536,0.235923189669847,-1.46183914225549,1
3.97722011804581,0.672823111992329,-1.04976977873594,1
3.96933676907793,-0.660143550485373,0.89222648832947,1
2.78656936204061,-0.979437559843063,0.508501728996634,1
3.21769427508116,-0.353060537483543,-0.190542029216886,1
2.69096746016294,-0.460634551011026,0.537227894179523,1
2.8742251242511,0.650522712152451,0.117987518198788,1
2.45826392667368,0.867323474027216,-0.679574456997216,1
2.01214449619874,-0.744417032692581,1.08294944278896,1
2.04775377642363,0.826675212476403,0.539956674911082,1
2.11751685664058,0.210467895492911,1.09745473600924,1
3.52915129018947,-0.199429667089134,-1.28460334427655,1
2.93808801099658,0.331590606831014,-0.414390904828906,1
3.70166376046836,0.535198554396629,1.85086346324533,1
3.16343878116459,0.0437914002686739,-0.490745523013175,1
2.37377652479336,-0.210984965786338,-1.68978020083159,1
3.21812195703387,0.931573667097837,0.117340436205268,1
3.78668346628547,-0.902028918731958,1.79889597464353,1
3.58864233177155,-0.693383456673473,1.42445221636444,1
3.00818566791713,0.393678131047636,0.197744575329125,1
2.84605654748157,0.455571746453643,0.659814166836441,1
3.30876257549971,-0.783241169061512,0.0017925463616848,1
3.77547702891752,-0.07086290884763,1.69628864340484,1
3.78403294226155,0.284251072444022,-1.63228818587959,1
2.35678107570857,-0.205778124276549,-0.0121865700930357,1
2.51500484952703,0.980860514100641,1.12889637611806,1
2.22687700949609,0.357417619787157,1.47938749659806,1
3.59431791724637,-0.369363084901124,1.60620931722224,1
2.21907697757706,-0.692461479920894,1.24552995152771,1
3.6581433895044,-0.39749652845785,-1.38508149050176,1
3.54209259385243,-0.810968938749284,0.919034911319613,1
3.88737880904227,-0.94624898629263,1.03801173251122,1
2.93391518713906,-0.379033391363919,0.643277949653566,1
3.87971129501238,0.484877737239003,1.63214034494013,1
3.57036588480696,0.920184424612671,-0.440864534117281,1
3.74921575002372,-0.168394674547017,1.82791337929666,1
2.78892530687153,0.0444708145223558,-0.173654522746801,1
2.19939832156524,-0.864960542414337,-1.21996562182903,1
2.55392284085974,0.259683610871434,0.362876932136714,1
3.44444410223514,-0.293172425590456,-1.37840522639453,1
2.71261035883799,-0.150570695754141,0.0779843153432012,1
2.765423766803,0.92753758141771,-0.348641236312687,1
2.0639373017475,0.361996973864734,1.30886780098081,1
3.04289057385176,0.436927768867463,0.252383520826697,1
2.24215582059696,-0.658740469254553,-0.174098072573543,1
3.77036835299805,-0.592781821731478,-1.2306054988876,1
2.14929259801283,0.753099423833191,-0.112212660722435,1
3.56845589354634,0.675045051146299,-1.06999902240932,1
3.70826460514218,0.441254084929824,-0.743681157007813,1
2.07435634126887,-0.437873257789761,1.46740818116814,1
2.55028701899573,-0.580018206499517,-0.220050771720707,1
3.28413989813998,-0.0116993607953191,-0.264286324381828,1
3.57015671906993,0.0435056164860725,-0.109647675417364,1
2.80012542381883,-0.560336376540363,1.33360684942454,1
3.87060465943068,0.526213404722512,-1.95863556861877,1
2.78103394154459,-0.950960693880916,-0.763482102192938,1
2.84791861427948,0.422971890307963,-1.65538811404258,1
2.57284340215847,0.681775198318064,1.29202837217599,1
3.22349681705236,0.861642144154757,-0.115571144968271,1
3.11762547725812,0.324183294549584,0.129343702457845,1
2.07993427012116,-0.460115561261773,-0.418418283574283,1
3.49056389369071,-0.563533079344779,-0.182251322083175,1
2.41297484142706,0.735636342316866,-1.54039621166885,1
3.31299193017185,-0.950856896582991,-1.87563662882894,1
3.04482934251428,0.700053448788822,-1.90715648513287,1
3.26687316969037,0.0478661539964378,-1.6899226186797,1
3.23512626765296,-0.129074596334249,-0.553875618614256,1
2.56979109486565,0.862589492928237,1.04563490021974,1
2.4476144448854,-0.67089920816943,0.973126566968858,1
3.07803871063516,-0.24242321588099,-1.60923118609935,1
3.99274395452812,-0.723910125903785,1.8476216699928,1
2.65783307375386,-0.700557845644653,-1.42718228604645,1
2.64667217666283,0.352894494775683,-0.0613530352711678,1
2.07064703572541,0.124232311733067,0.259643960744143,1
3.05122370505705,-0.0567031144164503,1.72922236192971,1
3.19361383002251,0.62220033723861,1.28009908273816,1
3.48417331837118,0.924777064472437,0.132332158274949,1
3.90567425917834,0.0308197680860758,-0.462124078534544,1
2.97924247570336,0.407445539254695,0.183953248895705,1
2.16657469095662,-0.638240979984403,1.18691173940897,1
2.51985599799082,-0.29006610577926,0.50937344878912,1
3.74969325121492,-0.900194421410561,-1.58417199738324,1
3.7041182727553,-0.694892594590783,-1.23202996142209,1
3.68580932915211,-0.801456562709063,1.36844173446298,1
3.8938073492609,-0.439703847747296,-0.082493550144136,1
3.30536326952279,-0.225099595729262,1.10904235206544,1
2.97631113044918,0.268317572772503,1.27271653991193,1
2.37551340134814,0.41412721760571,-0.812264240346849,1
3.42606612155214,-0.347963362466544,-1.09316024277359,1
2.17013994138688,0.930366630200297,0.481431572698057,1
2.92239881120622,0.392908894922584,-0.504497708752751,1
3.87181461323053,-0.677843611687422,1.54388967249542,1
3.69058733573183,-0.261875516735017,-1.49787356890738,1
3.43237343383953,-0.39556448161602,-1.36801363714039,1
2.24761269660667,-0.0840684650465846,0.55385010316968,1
3.18965492257848,0.646565492730588,-1.25547775253654,1
3.97970560286194,-0.534921298269182,0.658034718595445,1
3.2308169757016,-0.195355549454689,0.0481034182012081,1
2.54615533398464,0.943225605878979,0.966479361988604,1
2.12741368636489,-0.751158508006483,-0.653947881422937,1
2.14460655115545,0.260580153204501,-1.55492620170116,1
3.74702242808416,0.407734011765569,-0.390841502696276,1
2.72564999340102,0.182400568388402,0.170794961042702,1
3.89124429831281,0.993032542522997,0.961045148782432,1
3.11663787998259,-0.909327797126025,-1.30971967615187,1
3.02532230177894,0.980145075824112,0.345941707491875,1
3.8955433270894,0.490612618625164,-0.000613830983638763,1
2.21960319112986,-0.126500804442912,1.7454342674464,1
3.63781510107219,-0.693986902479082,1.64121244102716,1
2.7546842135489,-0.102269649039954,-1.38837356306612,1
3.1132820956409,-0.627350574824959,-0.770809979178011,1
2.62774237338454,-0.146902834996581,0.793176673352718,1
2.16468576062471,0.641559733077884,1.05286096502095,1
3.55987508455291,-0.899242171552032,0.0394786186516285,1
2.38646945683286,-0.349235696718097,-1.09309131186455,1
3.31117093516514,0.684823859017342,-1.3365543037653,1
2.87029410665855,-0.91960041411221,-0.735451397486031,1
2.39429665310308,0.583745922427624,-1.82023565471172,1
3.98932084441185,0.923256875015795,0.678273653611541,1
2.89348573284224,0.321840974967927,0.985108693130314,1
2.06285332841799,-0.982565161772072,-1.00586654990911,1
3.87403311626986,-0.0684215514920652,-0.13218711130321,1
3.74196790857241,0.433227697387338,-1.82285069301724,1
3.20249256677926,-0.943635780364275,-1.60693639889359,1
2.59803091268986,0.690965117421001,1.58837809693068,1
3.61869255034253,0.492830818053335,0.460593932308257,1
3.90428477013484,-0.471938471309841,0.562840000726283,1
3.7041079425253,0.491827352438122,-0.155991516076028,1
2.2546194717288,0.343164942692965,-0.881074188277125,1
3.93776469957083,-0.655894533265382,1.77980098407716,1
3.11420201743022,0.339432936627418,-1.90771310217679,1
2.01072889473289,0.860708063002676,-1.29074909538031,1
2.2715278393589,0.701949516776949,1.88571250904351,1
2.0116942031309,0.562146470416337,1.19895102549344,1
3.63374812435359,0.371684662532061,1.99860405642539,1
3.56432717572898,0.182738224044442,-0.95702618919313,1
3.86213257163763,-0.193453566171229,0.328730633482337,1
2.73737976467237,-0.743303774856031,-1.71082333568484,1
3.94890974834561,0.640328928828239,1.20913480129093,1
3.64748736377805,0.433440944645554,1.52226146031171,1
3.57489772653207,0.576649704948068,1.55851815640926,1
3.24565166933462,-0.963367997668684,-1.95469197258353,1
3.93470985768363,-0.65101971803233,-1.03439773526043,1
2.99983698129654,0.197297936771065,0.429075590334833,1
3.78739119926468,-0.838722354266793,-0.549117740243673,1
2.80208649393171,0.414631883613765,0.836834637448192,1
2.8950832192786,0.127337548416108,-1.83170815743506,1
3.87155816424638,-0.434384181629866,0.628684123046696,1
3.36666439473629,-0.215886468533427,-1.07724223192781,1
2.03632626030594,0.345456335693598,-0.908090509474277,1
2.3310534353368,-0.675640665460378,0.932655110955238,1
2.99166899779812,-0.782996193040162,-1.28697519656271,1
2.85307045606896,0.0668884599581361,-0.457462925463915,1
3.98410624125972,-0.793601799290627,0.7374182427302,1
3.77790024783462,-0.813163829501718,-0.339235809631646,1
2.69151074253023,0.279850284103304,0.168647355400026,1
3.41168825002387,0.128084874246269,-0.179240479134023,1
3.81744937412441,-0.388926960993558,-1.49174224678427,1
3.35258577438071,-0.467981937341392,-1.87526301573962,1
3.27820054255426,0.26500157918781,-1.33738718461245,1
2.29920905409381,0.661515667103231,1.19552284665406,1
3.20225078007206,-0.897288769483566,-1.43044785037637,1
2.54550247173756,0.984670072328299,-1.70223663281649,1
2.91570674208924,-0.955825614277273,-1.88570396974683,1
2.44450618652627,-0.640322221908718,-0.330432387068868,1
2.50984303373843,-0.342615850269794,1.4161121500656,1
3.30737545434386,0.709791433531791,-0.678044238127768,1
2.94398632226512,-0.631279373541474,-0.222253937274218,1
2.32192607130855,0.590713405050337,-0.346067056059837,1
2.54416066920385,0.717704276554286,-0.592996863648295,1
3.42591218603775,-0.0559609322808683,1.71140111796558,1
3.22670730436221,0.296405678614974,1.72021822538227,1
2.26424393244088,-0.34991663089022,-0.878947360441089,1
2.14001450641081,-0.0677250837907195,0.917239798232913,1
3.93253002595156,0.88481456739828,-1.1328604016453,1
2.73654055595398,-0.509071402717382,1.7609911095351,1
3.35490816924721,-0.955085881520063,-1.74280410725623,1
3.69190346077085,0.934143661055714,1.95467565581203,1
2.48330077063292,-0.479902286082506,-1.15916607901454,1
2.0703019821085,0.308214433025569,-0.725870267488062,1
3.19048047345132,-0.849237524904311,-1.51292045414448,1
3.67238225601614,0.938492198009044,0.33685698453337,1
2.72449842048809,0.837078647688031,0.633373646065593,1
2.66437706677243,0.736305072437972,1.98466011043638,1
3.28947266144678,-0.151242050342262,-1.22372973244637,1
3.91723027359694,0.562063951976597,1.26598687656224,1
3.19240725692362,-0.400188214611262,0.477808239869773,1
3.02056003594771,-0.421094423159957,1.94242843426764,1
2.31052827183157,0.998547666240484,-0.232832139357924,1
3.69170201104134,0.97407441586256,0.896740891039371,1
2.42876085126773,-0.0399073176085949,-1.6966055072844,1
3.33974648965523,0.524550132453442,0.52137100789696,1
3.23551290249452,-0.342776149976999,-1.14165419433266,1
2.09999955398962,-0.527522305492312,1.67651020735502,1
3.89879755116999,0.235720060765743,1.24780801311135,1
3.16510406322777,-0.319101469125599,1.42446370795369,1
3.72190867410973,-0.883217944763601,1.26702898368239,1
3.03693449869752,0.963891644496471,-0.33159323874861,1
2.5322549669072,0.376080243382603,1.91019641514868,1
3.19475532695651,0.724364441819489,-0.00254536047577858,1
3.59115216834471,-0.0766090326942503,-0.00571334175765514,1
3.37857207516208,-0.747945602983236,-0.626110991463065,1
2.96126328920946,0.360590890515596,-1.73060242366046,1
2.93185877753422,-0.960102429613471,1.62946135550737,1
3.23682467034087,-0.674082720652223,-1.11552105750889,1
2.89854102861136,0.79163167020306,-0.809344427660108,1
3.2054150654003,-0.693684510886669,0.634169850498438,1
2.00921794818714,-0.482716812752187,0.266479638405144,1
3.98998902505264,-0.511950639542192,1.88516956008971,1
2.81292489683256,-0.376270185224712,-1.58027106709778,1
2.23590327426791,-0.557506620883942,0.175195703282952,1
3.73907819064334,-0.938906314317137,1.66148853953928,1
3.08038591314107,0.806073218118399,1.49174961447716,1
3.76319533586502,0.918794928584248,1.61815563682467,1
2.07507967809215,0.885697322897613,1.11512225400656,1
3.76286792429164,-0.0933999200351536,-1.33131571952254,1
3.44469933956861,-0.124669995158911,-1.51446036342531,1
3.53962059319019,-0.899667704477906,-1.52682347781956,1
3.72718741791323,-0.280357463285327,-0.271729635074735,1
3.00148420641199,0.793288129381835,1.10954786743969,1
3.85172804864123,-0.25787366554141,1.61639238055795,1
2.41614934056997,0.00657002255320549,-0.294134879484773,1
2.05421118764207,0.0551986121572554,1.23804442491382,1
2.63158614421263,-0.659459869842976,-0.126499584876001,1
3.32022449932992,0.0771975535899401,0.714412389323115,1
2.62938260147348,-0.779013109859079,1.0349035365507,1
3.88892277562991,0.228210068773478,0.733438461087644,1
3.55794115969911,0.0899528539739549,1.39031845331192,1
2.67886249255389,-0.544742614962161,-0.753720361739397,1
2.96329252934083,0.803017305210233,-1.26893278956413,1
2.83198959752917,-0.602947126608342,-1.62591931968927,1
3.55266779894009,-0.156375764869153,-1.9408216252923,1
2.97085401182994,0.768723716028035,1.60965321119875,1
2.03059820830822,-0.523598306812346,1.18421167228371,1
3.28490259032696,-0.416738803498447,-1.68891240563244,1
2.46965996967629,0.752790539059788,-1.59302763827145,1
3.49405176611617,0.238144950009882,-1.30443163402379,1
2.59121474903077,0.714597507379949,0.114712081849575,1
3.81243638321757,-0.045431334991008,0.941256058402359,1
3.70664803590626,0.788461919873953,-1.52712533995509,1
2.92392755392939,-0.661861286498606,-1.58624243177474,1
2.14269649656489,0.242140275426209,0.209053856320679,1
3.15560744889081,0.445521059446037,-0.837925728410482,1
3.15915866801515,-0.619567673187703,-0.238237901590765,1
3.98715355386958,0.137431004550308,-1.52622278220952,1
2.67054882878438,0.343062655068934,1.68647443316877,1
3.33360354835168,0.838421797379851,0.930357991717756,1
3.87711200397462,-0.348880604375154,-0.15387814771384,1
3.14971366990358,0.0935041406191885,0.689257707446814,1
3.38342282781377,-0.99001764273271,-0.846022355370224,1
2.17951717413962,-0.259767717216164,0.653781644999981,1
3.73291848925874,0.275242849253118,-0.499725427478552,1
3.00227879360318,0.219214020296931,0.68369416706264,1
2.44651256827638,0.636584338266402,-0.34910174831748,1
2.82483848324046,-0.764216406736523,0.845280936919153,1
3.77261255914345,0.32671534223482,-0.875696171075106,1
2.99118687445298,-0.596785489469767,0.954817911610007,1
3.34550745552406,0.173719082958996,0.299685815349221,1
2.56500887591392,0.390139957424253,-1.90201605763286,1
3.63411660585552,0.0565762957558036,-0.549221097491682,1
2.4921989091672,-0.260956979822367,-0.236602910794318,1
2.73929238785058,0.396944811102003,-0.386392189189792,1
2.47104879003018,-0.05259108543396,0.179088671691716,1
3.87151385191828,-0.538384303916246,1.45278602372855,1
2.83015365665779,-0.0917306067422032,1.06269862502813,1
2.27489881077781,-0.841616161633283,-1.73831236734986,1
3.82872944604605,-0.484638852532953,-1.52992809657007,1
2.69528275215998,0.108161001466215,-0.760847170837224,1
3.70586175145581,-0.956480413675308,-0.765286771580577,1
2.28527035750449,-0.577795872464776,0.929347178898752,1
2.71886574197561,0.272786784451455,-1.43403456453234,1
2.49101013503969,0.433947542216629,1.91029295045882,1
2.09181189304218,0.553724810946733,1.41919606365263,1
3.56909580435604,-0.853582869283855,0.335694928653538,1
2.39834346901625,-0.802503257058561,1.59825701545924,1
2.78370048850775,0.892791120801121,-1.96262182760984,1
2.64712448930368,0.861766815651208,1.13822834473103,1
3.20421181013808,0.842903083190322,1.63120591081679,1
3.08254335913807,0.299877296667546,-1.55688976030797,1
3.98164746537805,-0.687299267854542,-0.136715986765921,1
2.50758209824562,0.820287337526679,0.697393042966723,1
3.47053978638723,0.844123775605112,-0.138190156780183,1
3.9552163220942,-0.661518772132695,1.50008216686547,1
3.11609248351306,-0.853265368845314,-0.395657855086029,1
2.78541631903499,0.132457862142473,0.266740582883358,1
3.64937851857394,-0.269189406186342,0.614822984673083,1
2.2247689217329,-0.0796667621470988,-0.857361081987619,1
3.07155580818653,-0.0705261752009392,1.56777940317988,1
2.88766316976398,0.557814216241241,-1.44514662213624,1
2.5479144253768,0.647332752589136,0.228776564821601,1
2.3147150715813,-0.435289895627648,-0.988286294974387,1
3.74367614742368,0.459956628270447,-1.70557531714439,1
3.12408971274272,-0.00805662805214524,1.05059450119734,1
3.10137951653451,-0.867463397793472,0.425475103780627,1
3.18473057122901,-0.924704338889569,-0.668024539016187,1
3.45562572544441,-0.524829851929098,1.63865447510034,1
3.27785056922585,-0.563207779545337,0.360108787193894,1
3.22890032967553,-0.155227450188249,1.78570291772485,1
2.10483370115981,0.099503266159445,1.60932215489447,1
3.13031550589949,0.427475209347904,-0.452127845026553,1
3.17468276061118,-0.520011782646179,0.873923979699612,1
3.25713415024802,0.791364026255906,1.30938821937889,1
3.24378129001707,-0.0347524238750339,1.65528817847371,1
2.16454008407891,-0.474305996205658,-1.47752480488271,1
2.1552852243185,-0.360162479337305,-1.82233169302344,1
3.37418937962502,0.32860394846648,1.95293547119945,1
3.6606071847491,0.456102722790092,-0.442082584835589,1
2.29181975033134,0.142871901858598,0.844213652424514,1
3.56706014461815,0.757390152662992,0.103760307654738,1
2.97290015826002,-0.181593442335725,-0.452394898980856,1
3.9785302109085,-0.58920842083171,0.874267322942615,1
2.99820990907028,-0.0583591656759381,1.52072286978364,1
3.12452107015997,-0.241184449288994,-1.51535921450704,1
2.75651404121891,-0.504870075266808,-0.531791052781045,1
3.03727439465001,0.850065051577985,1.15972745418549,1
2.14856758434325,-0.0676505868323147,-1.13759907241911,1
3.07694468833506,-0.972116633318365,0.482907043769956,1
3.92212200164795,0.88644947623834,-0.489110572263598,1
3.05562027916312,-0.250908689107746,0.416141199879348,1
2.87431890377775,-0.983916928991675,0.258073072880507,1
2.06453399313614,0.961049006786197,0.777773200534284,1
2.07546836137772,-0.244919888209552,1.2565747462213,1
2.09469658788294,0.971735109575093,-0.185263061895967,1
2.32191807124764,-0.720767218619585,-0.520141219720244,1
2.9381947866641,0.124436206184328,1.29063615296036,1
3.61184794967994,0.588720388710499,0.0504970857873559,1
2.56119503220543,-0.612197262700647,0.966327301226556,1
3.50956797040999,0.421397006139159,1.39735391270369,1
3.04365162970498,0.131416040007025,-0.238801138475537,1
2.57789438636974,-0.979768533725291,-0.376366773620248,1
2.0347544029355,-0.486098264344037,1.40367044322193,1
3.33669905969873,-0.0580370342358947,0.908098448067904,1
2.13395192939788,0.853725494351238,0.460281006060541,1
3.67277285363525,0.990583957638592,0.800004253163934,1
2.2706863116473,-0.580035399179906,0.992691855877638,1
3.31175621692091,0.090373816434294,-0.952609429135919,1
3.67589545762166,0.290785744786263,-0.895213393494487,1
2.51529599213973,0.80221596127376,-1.20214491337538,1
5.3159519629553,-3.87771468609571,2.84109644964337,1
-2.74625182617456,-1.52279198914766,-0.225445546209812,1
-0.0190962105989456,-0.57197848521173,3.93682262860239,1
-5.55974541697651,0.497048525139689,-3.37708843126893,1
3.62084679398686,3.36612373590469,-3.80233489908278,1
-1.13730520941317,0.135379353538156,0.601348049938679,1
-0.478489137254655,1.92031975835562,0.861311856657267,1
5.17382580600679,0.942769140005112,-3.96507832594216,1
-1.32143129222095,-2.35400392301381,1.94959995150566,1
2.94979642890394,0.0695123262703419,-3.62578623741865,1
3.40330195985734,-3.51150121726096,-0.174167158082128,1
-3.51052496116608,2.19601702317595,3.50844036601484,1
-5.32167924474925,-2.36602508835495,-3.52289847657084,1
-2.02183399535716,2.85658875666559,3.62912721373141,1
2.20566222723573,0.110174523666501,2.1664408352226,1
3.21329121943563,-1.98702922090888,2.81239520199597,1
1.83659269753844,2.50199557468295,-2.25628319010139,1
5.20564793050289,-3.46397953853011,3.95578198134899,1
-5.95780858118087,-3.79045216925442,1.54818448238075,0
-1.45933088846505,0.770050497725606,-1.70293499156833,1
1.72444861382246,2.7751501314342,2.54353946633637,1
-4.8111286656931,-0.380806708708405,3.67539567314088,1
-5.81923845782876,0.01741848513484,3.20337202213705,1
-4.21721915435046,-2.32272314094007,-2.98528504557908,1
2.94372375961393,1.72468952275813,-3.52293787151575,1
4.23296101111919,0.291040427982807,2.54730343259871,1
-2.10065451264381,-3.60688457079232,2.88253100402653,1
-2.79996589478105,2.58171904273331,-3.63840295560658,1
-3.07743069436401,-1.98002827726305,-2.20375590585172,1
5.47500349860638,0.171591471880674,1.63854347914457,1
-0.0327751273289323,-1.38406319729984,-3.21043470315635,1
2.33341890480369,-3.11704926937819,-3.87287140078843,1
4.98158296756446,2.81385736726224,3.24504675343633,1
1.30706144403666,0.997120294719934,-3.60773224383593,1
-2.84869370609522,2.78452819027007,2.99324963986874,1
5.02716885320842,-2.99190550856292,-3.03543768078089,1
2.5393569432199,1.34601290151477,-0.766687007620931,1
-5.47405687440187,0.863464243710041,-2.1606161352247,1
1.60209152195603,3.56533085927367,2.2098832745105,1
4.23278865404427,0.644995430484414,0.610601328313351,1
-4.57084968779236,-1.57493717595935,-2.4415619559586,1
5.42445483896881,3.47823309898376,-0.601941116154194,1
-5.50992168299854,2.75487489812076,-0.48019683174789,1
-3.95280021987855,-0.603413160890341,3.27077163755894,1
-5.72215908486396,-0.1146793179214,-0.298683982342482,1
-1.32108112145215,2.14816121570766,3.45278275385499,1
2.51132569089532,-1.98178545385599,-0.884360859170556,1
1.86906654853374,2.49631969258189,2.44210757687688,1
-0.166287397965789,2.57676326483488,2.14844575896859,1
-5.03132204711437,-0.661303667351604,-1.27274168096483,1
5.61461280751973,3.33100756257772,3.50314750894904,1
0.723274382762611,-3.43299461528659,0.0306502394378185,1
2.60287393536419,2.48076867870986,-1.40578153543174,1
-2.59890292771161,-0.112764229997993,-0.458836443722248,1
3.62703484296799,-1.55812219902873,-0.104212179780006,1
1.55063229985535,0.942990666255355,2.73282112553716,1
4.90753094293177,-1.44597303308547,3.5932752918452,1
-1.24649773165584,1.21869450993836,-0.237041501328349,1
-2.30058703199029,3.3267864510417,-1.03150412999094,1
2.78032995667309,0.552632249891758,-2.1927318777889,1
2.34010282158852,1.1031256467104,-3.96314699016511,1
-0.776398013345897,-0.671440154314041,1.67549886181951,1
3.69023868441582,2.37288120947778,1.57094674184918,1
-2.33264346141368,2.89820955321193,-3.88244038820267,1
4.97466375958174,-1.06066302396357,-2.49853846430779,1
1.55795267410576,-0.0964914429932833,0.294832268729806,1
3.32597109675407,3.17081497609615,-2.72792656347156,1
2.60572670772672,-0.289417201653123,-2.03192009776831,1
1.95811427291483,-2.32537600770593,3.37851993925869,1
2.43710400816053,1.41005036793649,-1.0951631385833,1
-3.68836982455105,1.87303851358593,3.94253903068602,1
1.17693857476115,1.22155329957604,1.80579714290798,1
3.20604626275599,-2.34468625858426,-2.80623625405133,1
-3.16348881740123,3.68617232330143,0.73521619848907,1
2.29867275059223,-3.94482268020511,2.78988391160965,1
-4.89313106797636,3.21733241900802,1.87195565737784,1
2.84449488390237,-3.28285711817443,-0.300033129751682,1
5.3361728573218,2.69675821624696,0.088695103302598,1
1.96905182115734,0.433648332953453,0.451071638613939,1
2.00898689590394,0.827335441485047,-2.39363481104374,1
-0.959739907644689,2.49088794365525,3.11352753266692,1
-4.34439693018794,-1.89620300009847,-2.76492804847658,1
-0.367618636228144,-3.68042442947626,0.676796488463879,1
-4.87494908832014,-2.89370109885931,-0.1525042001158,1
3.0488802138716,-3.15688133612275,-2.42173428274691,1
-1.6040651332587,-2.59675343520939,3.82739577069879,1
0.817636580206454,3.68943964131176,-1.44774829037488,1
-1.40374423004687,-2.44777086749673,-3.64169043116271,1
-3.56113559938967,-1.34255385771394,2.02948872558773,1
0.423184630461037,1.538405187428,0.534871591255069,1
-1.36983301118016,1.54773132689297,-3.922024063766,1
4.34742431156337,-1.71114729344845,-1.59396743401885,1
-4.87723746243864,-1.60704597271979,2.90636166371405,1
-5.23861754592508,-0.560368688777089,-2.14281305857003,1
-3.99883155338466,-0.93896671384573,-3.5316815674305,1
5.2278627762571,3.25453213043511,1.68839929252863,1
-0.689892296679318,0.278090385720134,0.0699882414191961,1
2.09275539312512,0.859258970245719,-0.760423684492707,1
-5.56706401146948,0.0349844247102737,-0.603888655081391,1
-0.378946943208575,0.0352856256067753,3.31172627583146,1
-5.45215715747327,-0.610786324366927,3.21605193242431,1
1.44040432479233,-2.25972238555551,-2.25547774136066,1
4.37870385870337,-1.44599825330079,0.599156375974417,1
-3.64957007300109,-2.06703897938132,-3.674774909392,1
-2.61481856089085,-3.99078091979027,0.324780091643333,1
4.38224506471306,-2.20946271158755,-3.09737230092287,1
-5.61557943373919,3.75331697613001,2.05963094159961,1
3.38826450426131,-0.540777077898383,-3.1108465641737,1
-0.539166072383523,3.70645702816546,-2.36708479188383,1
-5.03853733744472,-1.95343907363713,2.14163050614297,1
4.88113044016063,-2.91655568778515,-0.621242677792907,1
-3.73192014545202,0.500736212357879,0.375631846487522,1
2.95315041951835,-0.534005271270871,3.04415069893003,1
-0.821231042034924,2.90315301157534,1.82103561237454,1
2.04638636671007,3.32381555624306,2.022769510746,1
-3.75058544799685,0.946471450850368,0.805911600589752,1
4.5809180745855,2.72744504921138,-3.19146608561277,1
-5.41359061840922,-1.69395905360579,2.60978164896369,1
-3.35754135902971,3.19302827678621,1.9059916511178,1
-2.8583944067359,-2.87117405422032,3.06380523182452,1
3.20651884842664,-2.8646650929004,-3.32667993381619,1
-1.36844994965941,0.63654063269496,2.63578002713621,1
-2.65712269116193,3.96016614511609,-1.80146969109774,1
-5.06861385516822,0.267838818952441,-1.32627312093973,1
0.00365835428237915,-2.9719153996557,3.09629635512829,1
-0.582582606934011,-2.58304475992918,-2.46939140930772,1
5.83921935874969,2.19640218652785,-3.90246929787099,1
-4.29438791424036,1.20408881828189,1.64275377057493,1
4.00602901820093,0.449392315000296,-3.69905024953187,1
-5.64564611949027,1.96405722200871,2.58020419627428,1
3.34510444477201,-1.25429699197412,3.22747631371021,1
-3.25591271650046,-0.870078165084124,-2.66833910346031,1
-4.39367857854813,-1.18248350545764,-2.33923626318574,1
-3.71266891434789,0.982336843386292,2.36704139411449,1
-3.40962432324886,-2.71403255872428,3.14557038620114,1
5.21005670540035,-2.02851574122906,-2.05053638853133,1
5.86581185460091,3.58135136961937,-0.534454172477126,1
-2.27970085758716,3.90673299878836,-0.814773548394442,1
-4.35442944802344,0.285303831100464,1.32474219985306,1
1.93182968068868,-3.63753850758076,-1.55842482298613,1
1.01896052062511,0.818131636828184,2.33576731942594,1
-1.87121600937098,1.77343453839421,-1.27018565498292,1
3.76747846137732,0.66418301127851,-1.94036102667451,1
-2.60179248545319,0.211787553504109,-3.96830781362951,1
4.15009272750467,-1.16986603476107,-0.957289081066847,1
-4.35573737416416,-3.35950571857393,0.795412549749017,1
4.3433730751276,-2.97285746969283,-1.28771689534187,1
-5.1945525733754,-1.07299688272178,-2.59372607246041,1
-0.777498775161803,0.801171964034438,3.98055483587086,1
2.16161951422691,-2.09725305065513,-1.87680312991142,1
-3.53007695730776,-3.85483156517148,0.401537982746959,1
5.31046856939793,-1.52101656235754,-2.91804266907275,1
-1.44811449665576,-3.37589872069657,1.45457772910595,1
1.51488169468939,-1.99270061217248,-0.397191476076841,1
-3.79797117691487,-2.87300048395991,-1.06684347242117,1
1.91049141995609,-1.03908201493323,-0.910949276760221,1
2.81631492823362,-2.8770763669163,-0.764230445027351,1
-0.0518468040972948,0.54397332854569,2.62051776796579,1
4.42462492547929,0.341443255543709,3.32811832986772,1
3.98205533344299,-2.69045533798635,2.0896234177053,1
5.79958590399474,3.56026194058359,-1.0612105447799,1
2.00220270082355,1.00714051164687,1.53110475279391,1
1.71432170458138,-3.48123862780631,0.0642614383250475,1
-5.4582565817982,-2.55265379138291,-3.84459250047803,1
-3.70984269026667,1.3419050835073,1.17519311979413,1
-5.60895307548344,3.25381501577795,0.984061315655708,1
4.16633373498917,2.52654973044991,-1.33623112551868,1
-0.906512928195298,-0.460204482078552,-3.78970530815423,1
3.80644126329571,-2.7103886846453,3.79957887344062,1
-4.1800800813362,-2.67381586693227,3.93019885569811,1
-1.12987073231488,-0.168433040380478,-3.38736153021455,1
2.67010717839003,-0.8330985493958,0.303558981046081,1
-5.2843940583989,2.35935727693141,3.82282194495201,1
-2.035809321329,2.15869675017893,-3.12260224483907,1
3.32116802316159,-0.806680373847485,-1.09942257590592,1
4.08551214169711,1.04157435894012,-0.00144513696432114,1
4.44697836320847,-0.698647083714604,3.30102721229196,1
5.43650281894952,-1.07687399536371,0.576486676931381,1
-1.3925309702754,0.966839062049985,-3.81764340214431,1
5.40758359897882,3.64766425825655,2.84183700755239,1
2.44925550743937,-0.191419681534171,2.64387393370271,1
-0.936223274096847,0.96371016651392,3.02520850487053,1
-1.30420687235892,-1.68620730377734,2.47681751474738,1
-3.47319905273616,-0.739458221942186,-3.99947730638087,1
3.02976217120886,-0.440982511267066,-3.18539413623512,1
-0.659065794199705,-1.7317304816097,2.67860701493919,1
-0.560221890918911,3.7611116413027,-2.2308208309114,1
-5.00098968856037,3.06079071387649,-3.75666898675263,1
-1.61797165498137,2.47080512717366,0.613808173686266,1
4.73943486995995,1.66581163182855,2.0550380833447,1
0.533254151232541,-2.55838717706501,2.98923247493804,1
-5.63007520325482,-3.48819432221353,-3.51707268878818,1
-1.33880300167948,-3.14735191315413,-2.22529312968254,1
-4.6392570482567,2.78547454625368,-0.687798622995615,1
-2.67294649221003,-1.12455833144486,-0.709362961351871,1
2.63423797208816,2.28000476025045,0.635122638195753,1
-1.48769778013229,3.26431075483561,3.53559161163867,1
1.61351945344359,1.06739774346352,3.90078877843916,1
-0.0390264904126525,0.920930307358503,-2.96161720901728,1
3.68983749300241,-3.45968076772988,-1.80100014805794,1
0.986260897479951,-2.06804894097149,2.62706257402897,1
-3.935846359469,-0.713774377480149,3.93006975203753,1
5.24749247543514,2.48940009623766,1.38560446538031,1
-5.3542695036158,-0.966870192438364,-3.38088748417795,1
-4.95321375411004,-0.424398155882955,-2.92477275617421,1
4.09869606792927,0.564062260091305,-1.29522577114403,1
-0.9493288686499,-2.9503010455519,-1.98312815837562,1
2.60983263328671,-3.89585305191576,-1.99341091141105,1
2.83380877319723,1.42135781981051,2.26614334061742,1
5.84964654128999,2.68124488741159,-2.6097093578428,1
5.53160543460399,3.4901078492403,0.786431325599551,1
-4.29847518727183,-3.53239508904517,1.53266435489058,1
1.97941579017788,1.3442063536495,3.38348479382694,1
-5.60214909352362,-0.913147674873471,1.5197998713702,1
-0.0658397935330868,0.609032351523638,-1.81072818487883,1
3.49622907210141,-2.88948657736182,-3.91243872419,1
-1.44948295690119,-1.95332917384803,-3.65424321964383,1
5.37959233671427,-1.49551292695105,-2.65681759640574,1
1.92810936458409,1.72094245441258,2.82112661190331,1
-0.806818856857717,-2.49056376889348,-3.6326932311058,1
4.0641911784187,-2.86254968121648,-1.82889890857041,1
3.65638467483222,0.592892931774259,3.11154360510409,1
-0.875252338126302,-3.60679781809449,0.383146356791258,1
-2.04731388576329,-0.519938787445426,2.43854070827365,1
0.780486155301332,-0.13831870816648,3.65757294930518,1
4.33475006371737,-0.281464794650674,1.51795264333487,1
1.03045229706913,-0.110384503379464,-0.790931403636932,1
1.74144153948873,1.90067907981575,3.76832675375044,1
3.20500883460045,3.92789049446583,3.51500686444342,1
2.31428428832442,2.7232668697834,0.146257966756821,1
4.40157219395041,-3.10458942316473,-2.90967858769,1
-4.86362937279046,2.8913750089705,1.01388796232641,1
1.31927153002471,0.542810302227736,2.58119987510145,1
-3.1095025241375,1.46623135916889,-2.90987715683877,1
-0.364300092682242,2.31684383004904,0.779745511710644,1
-2.59293495956808,-0.779795734211802,3.86371254362166,1
5.02129534352571,2.82621751539409,-2.15495481342077,1
-1.20307140983641,-2.48315574042499,-0.661036897450686,1
0.784135923720896,-0.0342269353568554,-3.19783200509846,1
-5.02947585191578,-3.0396452061832,-1.77190877124667,1
5.31240221858025,-2.17069355025887,0.244371931999922,1
2.82934326399118,3.24398317188025,-1.48704433441162,1
-0.296253405511379,-0.209801014512777,0.805616581812501,1
-3.81788101606071,0.323814233765006,3.89678414724767,1
2.76440256647766,3.79036255180836,0.874251887202263,1
1.37552452739328,3.7794321719557,-2.83410141803324,1
-5.26750091928989,1.48287575691938,1.63453168235719,1
-5.36045540124178,2.23967322520912,1.43344243243337,1
-0.536924220621586,-3.83637426048517,-1.41932907700539,1
-3.82845435664058,1.82772592455149,-0.613474871963263,1
-0.104328911751509,3.38158756680787,-1.56428652070463,1
5.78245737869292,-0.476337617263198,2.66255025565624,1
-3.3105347128585,1.64459824934602,0.749180067330599,1
2.55034386366606,2.5337983276695,2.45757313072681,1
-4.19848728831857,-0.1071254927665,-1.64759377762675,1
0.308710073120892,2.74399534054101,-2.87131822668016,1
3.9417098807171,-0.0570093896239996,3.10896882042289,1
-4.47767346818,-3.85864625312388,-3.9337199665606,1
3.8361993804574,-0.476277936249971,0.552965223789215,1
-3.0479590035975,-0.176602696999907,3.74040151946247,1
-4.8357844138518,0.809924591332674,-1.84648989327252,1
-4.03558255825192,-0.454026212915778,3.87168056517839,1
1.9722624476999,-1.54258045740426,-3.71688409894705,1
2.12913740146905,1.38391373120248,-1.93618855625391,1
-4.40457748621702,0.872914113104343,-1.92087102867663,1
5.75428781658411,3.78942832909524,3.58550790138543,1
-4.24065029248595,-2.59332230128348,3.83698190934956,1
5.30180104728788,3.78581179864705,1.8750789090991,1
2.40422093868256,0.634537110105157,-1.70016194693744,1
0.815554842352867,1.90500208362937,-0.728327052667737,1
-3.04381212685257,2.92654311284423,-2.38737881556153,1
-1.90954161062837,1.17988883145154,2.13269087299705,1
4.07714334502816,1.55756894312799,1.94483951851726,1
5.05825759470463,3.96724350564182,-0.0123089533299208,1
0.184378646314144,2.79498719982803,1.36399676464498,1
4.65734637994319,2.12657790631056,2.01970234885812,1
2.44886643625796,-2.89867741428316,2.19090335071087,1
-0.914846523664892,-3.23848852701485,0.8413544036448,1
-2.39677075948566,0.174785815179348,-0.875874051824212,1
5.5606132876128,-2.46031222306192,1.36846058443189,1
-4.50215284712613,1.85172142460942,2.95366249233484,1
2.1640863949433,-0.0433041695505381,-0.508777014911175,1
3.83806972391903,-2.85792677290738,-3.03618924506009,1
-3.40470213722438,2.72973575256765,0.951626876369119,1
1.12904614862055,3.53043167479336,-0.155929991975427,1
-4.05964883230627,-1.77626018412411,3.39114471711218,1
-1.1336817657575,-2.79696569778025,-2.07461851835251,1
-3.13337881118059,1.65338754095137,2.2118526045233,1
0.331186146475375,0.522708754986525,2.0159031059593,1
2.05145761370659,-3.2759804725647,1.41185939870775,1
4.89077964238822,0.482723256573081,0.413755711168051,1
-2.00643381010741,0.922080505639315,0.782884249463677,1
-3.08956200722605,0.387359485030174,2.93150065280497,1
-2.28013516589999,-0.852072410285473,-0.0372742991894484,1
-3.27833358105272,-0.666654795408249,3.84183171205223,1
-4.52396238595247,3.23928737267852,-3.44500250183046,1
-2.78693249356002,1.38897587358952,0.447431711480021,1
5.0838436447084,3.63832185603678,-2.48501179739833,1
-5.32219008542597,-2.79014522582293,-1.62834014743567,1
0.0174617618322372,0.47793310508132,2.72803297452629,1
3.52543123438954,-3.21091399341822,-2.35914319008589,1
4.05512814223766,0.987599734216928,0.66175271756947,1
0.915284019894898,-1.94901792146266,-0.829902414232492,1
-3.09779892023653,-0.165867483243346,-1.555429790169,1
0.98474669829011,-0.182851949706674,-0.221957685425878,1
-4.34981319308281,2.64393133111298,1.94599278271198,1
-0.207452111877501,3.16462010145187,3.81442885287106,1
-4.87577264662832,0.615005768835545,-2.74988918937743,1
-2.34036566410214,3.55036073178053,-2.96459350921214,1
2.12046425510198,-1.66531756147742,0.644474422559142,1
-3.53838014043868,1.00255421176553,-2.90280660055578,1
-1.26097792759538,0.96147090755403,-2.38402844406664,1
3.6342372726649,1.18894281983376,-1.26680748350918,1
-3.26015166565776,-2.12071513384581,-1.87279242649674,1
-5.07710978575051,-0.76997653581202,1.77268785238266,1
3.33869889378548,-2.63240143097937,1.56393187493086,1
2.04167636018246,0.153304230421782,2.3536698166281,1
0.133316083811224,0.674891041591763,-1.80424001067877,1
-3.43197527714074,-3.35937455669045,-2.54434910416603,1
-3.74768041446805,1.83122020214796,-0.299170663580298,1
1.33376610931009,0.912532234564424,0.404360614717007,1
-5.53510212432593,1.36716608144343,0.981741713359952,1
-3.24671335984021,-1.63093152455986,-0.136852608993649,1
3.88725467585027,-1.11545198597014,-2.96135220676661,1
-2.39558100141585,1.04853030852973,3.07197445631027,1
-5.80689828749746,3.68084749393165,3.93054342269897,1
5.53900310117751,-1.0825730394572,2.89572348818183,1
-4.9470396777615,-2.41608064807951,2.81800574250519,1
2.97628076467663,-1.9671298917383,-0.980691142380238,1
4.03209855034947,-0.117578564211726,0.936611998826265,1
-5.80823358334601,-0.69374680891633,0.146739140152931,1
4.23433797899634,-1.37403735890985,-3.70456632040441,1
0.603567182086408,-1.14524023607373,1.94425947591662,1
-1.92375109903514,1.47087403386831,2.73942803405225,1
-2.09157753735781,2.90519412048161,-3.60707746259868,1
1.67064134404063,-0.248250110074878,3.14631366170943,1
-4.46583244018257,0.662856781855226,-0.974580377340317,1
-2.26654678210616,-0.0115202553570271,1.56451441161335,1
0.996991278603673,1.33846285939217,1.73849090002477,1
3.1103548631072,1.50298609957099,1.46019957400858,1
0.620437701232731,-3.14136059954762,-1.59674915112555,1
2.25344766397029,-3.1023258510977,-1.57901453785598,1
-1.5448279492557,3.46224140748382,-0.191116813570261,1
4.8809622824192,-0.624992998316884,-3.612140128389,1
5.70882388483733,0.50649188272655,-0.067041439935565,1
3.19313017744571,3.64993750303984,0.708997789770365,1
-5.8528066361323,-2.43263141810894,-2.12288537248969,1
0.271247710101306,-2.21002843789756,3.71710599586368,1
3.58855501748621,0.970855811610818,-2.72004271671176,1
-3.51053315587342,2.67653310112655,0.60190387070179,1
-1.36461859289557,2.4637469984591,-0.633662302047014,1
0.508593345992267,-2.79141237773001,-3.02056233212352,1
2.93103698641062,-3.33417067863047,-1.08571834117174,1
-2.00001081917435,2.23144497722387,3.98980927653611,1
-2.10101714171469,3.63597002252936,2.38309034518898,1
-0.915083558298647,0.947211446240544,-1.2011879067868,1
-2.68438381142914,-0.502269577234983,3.49581643752754,1
1.51308179553598,1.31537183374166,1.70557903312147,1
-5.47682586126029,2.95113929733634,-0.0380498524755239,1
1.27841744106263,0.0209716279059649,2.49796289391816,1
-0.995410837233067,0.230424216017127,1.23946035839617,1
-5.47657173033804,2.16594830527902,-1.11403295211494,1
5.92089288588613,-1.04172005131841,-0.224547583609819,1
1.51873249188066,3.52402158267796,0.786861645057797,1
4.06608182005584,-3.73392981849611,1.80959864892066,1
-1.23498444166034,-1.29378003254533,-1.1520021520555,1
5.43706782907248,-2.91497161239386,0.691827598959208,1
-1.45922663714737,-1.30300184898078,0.132828703150153,1
3.83874105010182,-0.131901584565639,0.748117515817285,1
-5.91328138299286,2.05725405737758,3.10615667700768,1
4.48491185065359,2.36898395046592,2.93702044710517,1
-5.11267207749188,-0.668331034481525,2.64961095713079,1
3.80045101046562,-3.76048141345382,-2.7062551099807,1
1.03251643851399,3.50681604258716,-1.34881803765893,1
2.19295625388622,3.32402109727263,3.40937964059412,1
2.56989268306643,0.896908409893513,3.40031296946108,1
-2.63873665686697,3.35273664444685,1.09198030456901,1
2.08216269873083,1.0100721847266,2.34327871538699,1
-2.43552745878696,-2.98837074823678,0.573970863595605,1
0.852549296803772,-2.85886689648032,-3.68499450944364,1
-5.34352582320571,1.45315088331699,-1.69874204881489,1
-1.82869899831712,3.38419853709638,-0.153267292305827,1
-0.0278509883210063,-2.7947805672884,-0.52068998105824,1
0.380267816595733,3.07877476140857,3.45975909754634,1
3.78922052867711,-0.398539030924439,1.16544468514621,1
0.12391759827733,-3.6266400590539,-3.99336829036474,1
4.18734961934388,2.58774435706437,-3.84382071346045,1
1.13031435851008,3.73028535209596,-1.62420344538987,1
0.454743496142328,2.45916631445289,-1.81003041751683,1
1.52448496129364,-1.62997818924487,2.63577071391046,1
-2.49631428625435,-2.41686343215406,1.76847538352013,1
0.80686965957284,-2.38661659322679,1.44444710761309,1
5.99399978946894,-1.2038985081017,-0.926440859213471,1
5.04544762149453,-2.20732109248638,-2.51781226322055,1
3.23211832623929,-2.68406631983817,-2.30637915618718,1
4.1247925395146,-3.25816039182246,1.62953723780811,1
5.06735842209309,1.06319914385676,-1.90009780228138,1
1.20948164071888,2.27830674685538,-2.18921088427305,1
-1.58637686166912,-3.52408561483026,0.745490362867713,1
2.96404200978577,-3.3256027624011,-2.82103434205055,1
-0.181671129539609,-3.96577820926905,-3.59166320972145,1
-5.94227013085037,-2.862234281376,-3.88891976512969,1
2.0777093488723,3.43354962952435,2.46548400260508,1
-1.15622905734926,-2.70492141507566,2.42051623947918,1
5.43818441592157,3.90800919942558,-3.87964941002429,1
-4.38754296675324,1.63378607667983,0.762357749044895,1
-1.46736065391451,-1.40365956164896,-1.5410976819694,1
4.79828439373523,-1.37531813234091,0.848886959254742,1
3.64009211864322,2.21361660584807,-2.27529982104897,1
0.0771281272172928,-0.011174974963069,3.5829547252506,1
-5.78287516906857,-0.0239452011883259,-3.15275466442108,1
-2.99672241602093,-1.86900127865374,-3.04407305829227,1
-2.3281422033906,3.43841147981584,-2.87569952197373,1
1.9406884778291,1.4203662648797,-1.65715706907213,1
-4.82187601178885,1.68207865767181,0.789889890700579,1
5.58348541148007,-1.74564740248024,-2.32772382721305,1
4.40668389480561,0.645535543560982,-0.38135140016675,1
-2.58164914604276,3.63405443541706,-0.377364482730627,1
-0.783753144554794,-3.71201161295176,-0.945892572402954,1
-1.90861149597913,0.0818875376135111,3.9005856923759,1
-1.82244029827416,2.88468764349818,-3.91880165599287,1
-2.34992138296366,-1.78006106428802,2.92389552667737,1
4.97419161815196,-1.09720736183226,-3.25841379165649,1
-2.59705378487706,3.33214002475142,-2.54326023720205,1
4.41416782792658,-3.35811700485647,-0.417870538309216,1
3.80029553733766,0.1017970982939,1.83272050134838,1
-3.78495451714844,-0.639697231352329,-2.48030140995979,1
-3.27328228298575,-2.7356042675674,-2.88550856150687,1
1.98751004599035,-0.403536072000861,-2.29765900596976,1
-0.383048943243921,-2.64303410798311,-2.65017419494689,1
-4.6843192325905,2.84197766892612,2.82428269460797,1
-4.25222042854875,1.50506536848843,1.92012477479875,1
-2.19390799943358,-3.02779810875654,0.5575305595994,1
1.28643598034978,-3.04707190953195,2.84268954023719,1
5.36418314650655,-1.69164897873998,-2.81377086229622,1
-0.928965965285897,3.52188477665186,-0.98034311644733,1
5.11786294262856,3.45312295667827,-1.4428522028029,1
-4.80430687498301,-2.53657192923129,-3.7605444919318,1
4.39546750858426,3.30298992805183,-0.897127630189061,1
-2.87414123397321,-3.46833734773099,1.67551219649613,1
-2.59161120839417,3.02103015780449,-2.01472969539464,1
-4.0097039071843,-3.52951580472291,1.18320291303098,1
-5.64052046276629,3.61356698721647,-2.65992382913828,1
-4.82257630303502,-2.71944473683834,2.1791414283216,1
-4.56170697882771,0.646682852879167,-0.165260754525661,1
-3.67019868548959,1.6913335211575,-3.51703796163201,1
3.95511116366833,-1.75741985440254,2.16569843515754,1
-5.81622887961566,-3.78694657422602,3.01609328389168,0
-1.37170911300927,1.68497961945832,0.717844694852829,1
4.9722721176222,-1.49802544899285,0.878141747787595,1
